review,clean_review,rating,date,year_month
"어떻게 얻은 민주주의인데... 우리의 힘은 ‘잊지말기‘, ‘기억하기‘ 그래서 ‘지켜내기‘","어떻게 얻은 민주주의 인데 힘 잊지말기 , 기억 지켜내기",5,2016-11-18,2016-11
역사를 잊은 민족에게 미래는 없다.,역사 잊은 민족 미래 없다 .,5,2017-09-08,2017-09
출근길에 지하철에서 숨죽여 오열하며 마지막 장을 다 읽었습니다. 고통 속에서 한 자 한 자 적어 나갔을 작가님을 위로하고 싶어집니다.,출근길 지하철 숨 죽여 오열 마지막 장 읽었습니다 . 고통 속 자 자 적어 나갔을 작가 님 위로 싶어 집니다 .,5,2014-05-30,2014-05
두번 다시 보고 싶지 않다. 마음이 너무 아파서 ㅠ 내일 또 책을 열 자신이 없어서 밤을 꼬박 새워 읽으며 목 놓아 울었다.,두 번 보고 싶지 않다 . 마음 아파서 내일 책 열 자신 없어서 밤 꼬박 새워 읽으며 목 놓아 울었다 .,5,2017-11-20,2017-11
소설문외한이 남편이 노벨문학상 한강이 탔다고 해서 깜짝 놀라 검색해보니 한강 작가님 수상하셨네요. 작가님 축하드려요. 왠지 모르게 벅차오릅니다!!!!,소설 문외한 남편 노벨문학상 한강 탔다고 깜짝 놀라 검색 해보니 한강 작가 님 수상하셨네요 . 작가 님 축하 드려요 . 왠지 모르게 벅차오릅니다 !!!!,5,2024-10-10,2024-10
이 책은 누구나 한번씩은 꼭 읽었으면 하는 책이다5.18광주 민주화 운동의 아픔이 잘 드러나있다,책 누구 나 한번 씩 꼭 읽었으면 책 5.18 광주 민주화 운동 아픔 드러나있다,5,2019-12-01,2019-12
"책을 읽다 덮었다 몇번을 반복했는지 모른다.문장이나 글이 어렵거나 지겨워서가 아니라,울컥하는 마음을 추스릴 시간이 필요했다.이 책이 나에게는 가장 깊이 남은 그날의 이야기가 되었다.","책 읽다 덮었다 몇번 반복 했는지 모른다 . 문장 이나 글 어렵거나 지겨워서 아니라 , 울컥 마음 추 스릴 시간 필요했다 . 책 나 에게는 가장 깊이 남은 그날 이야기 되었다 .",5,2018-02-19,2018-02
마지막 장을 넘기면서 콸콸콸 쏟아져나오는 눈물로 시작한 주말 아침. 어린 새야. 따뜻하게 꽃 핀 쪽으로 가거라..,마지막 장 넘기면서 콸콸 콸 쏟아져 나오는 눈물 시작 주말 아침 . 어린 새야 . 따뜻하게 꽃 핀 쪽 가거라,5,2016-05-22,2016-05
어떤 시선을 따라가도 아픔만이 가득하다.,어떤 시선 따라가도 아픔 만이 가득하다 .,5,2016-10-01,2016-10
"어찌 썼을까 싶습니다. 전 읽는 내내 속으로 또 겉으로 눈물이 흐르는데, 쓰는 이는 어찌 이걸 감당해내었을지...","어찌 썼을까 싶습니다 . 전 읽는 내내 속 겉 눈물 흐르는데 , 쓰는 이는 어찌 걸 감당 해내었을지",5,2015-01-17,2015-01
언제나 응원합니다. 건필하시고 좋은 결과 있으시길 기원합니다. 좋은 작붐 많이 써 주세요!,언제나 응원 . 건 필하시고 좋은 결과 있으시길 기원 . 좋은 작 붐 써 주세요 !,5,2024-10-08,2024-10
이대로 전두환이가 천수를 누릴 가능성이 큰 이 따위 나라에서 살고 있다는 것에 참을 수 없는 분노를 느낀다.,이대로 전두환 천수 누릴 가능성 큰 따위 나라 살 고 있다는 참을 없는 분노 느낀다 .,5,2015-02-05,2015-02
특별함을 찾아볼 수 없다.,특별함을 찾아볼 없다 .,2,2014-12-13,2014-12
삶이 장례식이 된 사람들에게 필요한 건 무엇일까.,삶 장례식 된 사람 필요한 건 무엇 일까 .,5,2021-05-17,2021-05
가슴이 먹먹해 졌다. 강하기만 할 줄 알았는데 아름답기까지 하다.진정 멋진 작가다~!!!,가슴 먹 먹해 졌다 . 강하기만 할 줄 알았는데 아름답기까지 하다 . 진정 멋진 작가 ~!!!,5,2016-05-29,2016-05
소년이여 작금의 대한민국을 도와주소서~,소년 이여 작 금 대한민국 도와주소서 ~,5,2024-12-08,2024-12
올해 유일하게 나를 울린 책.,올해 유일하게 나를 울린 책 .,5,2014-12-01,2014-12
"“그러지 마요, ...... 우리는 죽을 각오를 했었잖아요.”삶의 과정에서 선택의 순간에나는 네가 살덩어리로 전락하지 않기를 희망한다","그러지 마 요 , ...... 죽 각오 했었잖아요 . 삶 과정 선택 순간 에나 네 살 덩어리 전락 하지 않기를 희망 한다",5,2018-06-17,2018-06
오월이 가기 전에 되도록 많은 사람이 읽었으면 좋겠습니다.,오월 가기 전 되도록 많은 사람 읽었으면 좋겠습니다 .,5,2014-05-22,2014-05
속이 답답하고 불쾌하고 토할 것 같았다.그래도 끝까지 읽었다.알아야하기에,속이 답답하고 불쾌하고 토 할 같았다 . 그래도 끝 읽었다 . 알아야하기에,4,2020-04-12,2020-04
예술의 존재 이유를 보여준다. 읽는 동안 굉장히 슬펐다.,예술 존재 이유 보여준다 . 읽는 동안 굉장히 슬펐다 .,5,2018-08-13,2018-08
새로운 것 같았지만 그다지 새롭지 않았던. 무겁지 않게 무거운 이야기를 풀어내려고 했던 것 같은데 결과적으로 이도저도 아닌게 되어버린 느낌.,새로운 같았지만 그다지 새롭지 않았던 . 무겁지 않게 무거운 이야기 풀어내려고 했던 같은데 결과 적 이도 아닌게 되어 버린 느낌 .,3,2014-06-29,2014-06
이 책을 이번 기회에 되서야 알게된게 부끄럽습니다,책 이번 기회 되 서야 알 게 된게 부끄럽습니다,5,2024-12-06,2024-12
가슴아픈우리이야기.잊지말아야할이야기,가슴 아픈우리 이야기 . 잊지말아야 할 이야기,5,2024-09-30,2024-09
"광주 민주화 운동의 처절함을 느끼는 중이다. 죽음에 대한 공포, 죽음 앞에서도 굴하지 않는 용기. 정말, 진실로 그들이 있었기에 오늘이 가능했다.","광주 민주화 운동 처절함을 느끼는 중이 . 죽음 대한 공포 , 죽음 앞 에서도 굴 하지 않는 용기 . , 진실로 있었기에 오늘이 가능했다 .",5,2016-09-03,2016-09
새롭지 않은..그래서 읽는 내내 좀 지루했습니다. 평이 굉장히 좋아서 아무래도 너무 기대를 해버렸어요.,새롭지 않은 읽는 내내 지루했습니다 . 평이 굉장히 좋아서 아무래도 기대 해 버렸어요 .,2,2021-07-18,2021-07
첫 문장부터  눈물이 났다읽는 내내 너무 슬펐다작가는 얼마나 힘들었을까?미안함에 나직히 불러본다   ˝동호야~~˝다시는 또다른 동호가 생기지 않기를진정한 민주주의의 꽃이 이 나라에서 피어나기를,첫 문장 부터 눈물 났다 읽는 내내 슬펐다 작가 얼마나 힘들었을까 ? 미안함에 나직히 불러 본다 동호 야 다시는 또다른 동호 생기지 않기를 진정한 민주주의 꽃 나라 피어 나기,5,2024-12-03,2024-12
너무 아픕니다. 한문장 한문장 가슴이 무너지는 기분이에요. 출퇴근길 지하철에서 읽었는데 몇번을 울었는지 모릅니다.,아픕니다 . 문장 문장 가슴 무너지는 기분 이에요 . 출퇴근길 지하철 읽었는데 몇번 울었는지 모릅니다 .,5,2017-02-01,2017-02
2024년 12월 3일.,2024년 12월 3일 .,5,2024-12-04,2024-12
화난다. 제대로 된 민주를 위해 늘 깨어있자. 그리고제대로 주권을 행사하자.꼭,화난다 . 제대로 된 민주 위해 늘 깨어있자 . 제대로 주권 행사 하자 . 꼭,5,2017-01-28,2017-01
힘겹게 읽엇다 글귀 하나하나 읽어나가는게 고통인ㅠㅠ 전두환 살인마를 찢어죽이자.,힘겹게 읽엇다 글귀 하나 하나 읽어나가는게 고통 인 전두환 살인마 찢어 죽이자 .,5,2014-07-29,2014-07
한강 작품들 중에서 가장 별로임그런데 서평에 내용언급보다는 그냥 밑도 끝도 없이 울었다는 사람들이 많은 이유는멀까?,한강 작품 중 가장 별로 임 그런데 서평 내 용언 급 보다는 밑 끝 없이 울었다는 사람 많은 이유 멀까 ?,1,2021-08-31,2021-08
순결한 피해자와 이해할 수 없는 가해자만 나온다. 역사를 다뤘지만 역사적이지 않다.,순결한 피해자 이해 할 없는 가해자 나온다 . 역사 다뤘지만 역사 적 이지 않다 .,2,2014-12-12,2014-12
시간이 흐르면 스테디셀러를 넘어 클래식이 될 작품,시간 흐르면 스 테디 셀러 넘어 클래식 될 작품,5,2017-06-02,2017-06
노벨문학상 수상을 진심으로 축하드립니다,노벨문학상 수상 진심 축하 드립니다,5,2024-10-12,2024-10
처음에 책을 살때 이정도까지 슬플 것이라고 예상을 못했는데 읽는 내내 마음이 아프지 않을 수가 없었다,처음 책 살때 정도 슬플 이라고 예상 못 했는데 읽는 내내 마음 아프지 않을 수가 없었다,5,2017-12-13,2017-12
피해자로 남지 않는 대가를 치르는 사람들이 있다. 아직도 광주를 조롱하려는 사람이 있다면 그 대가를 셈해야 할 것이다. 공짜는 없다.,피해자 남지 않는 대가 치르는 사람 있다 . 아직도 광주 조롱 하려는 사람 있다면 대가 셈 해야 할 . 공짜 없다 .,5,2024-11-17,2024-11
박근혜 정부의 ‘블랙리스트‘로 확인된 한강의 저서이니 꼭 읽어봐야 하지 않을까 싶습니다!,박근혜 정부 블랙리스트 확인 된 한강 저서 이니 꼭 읽어 봐야 하지 않을까 싶습니다 !,5,2016-12-29,2016-12
네가 죽은 뒤 장례식을 치르지 못해 내 삶이 장례식이 되었다,네 죽은 뒤 장례식 치르지 못 해 내 삶 장례식 되었다,5,2018-03-20,2018-03
다큐서적느낌일거라고 샀는데 고문부분은 왜곡이 심하군요.,다큐 서적 느낌 일거라고 샀는데 고 문 부분 왜곡 심하군요 .,1,2017-06-19,2017-06
내 안의 연한 부분이 소리 없이 으깨어지게 만든 책. 수많은 사람들이 으깨어지면서도 묵묵히 살아가고 있다는 것을 느끼게 했다.,내 안 연한 부분 소리 없이 으 깨어지게 만든 책 . 수많은 사람 으 깨어지면서도 묵묵히 살아가고 있다는 느끼게 .,5,2018-05-18,2018-05
목포역에서 용산역 올라오는 기차 안에서 읽으며 눈물이 왈칵 터질 것 같아 곤란해 하며 읽었다. 살고 싶다고 생각하며.,목포역 용산역 올라오는 기차 안 읽으며 눈물 왈칵 터질 같아 곤란해 읽었다 . 살 고 싶다고 생각 .,5,2024-12-02,2024-12
감사합니다.간결하고 세련되고 농축된 참을성으로 슬픔과 분노를 관통하며 고통 거기에 멈추지 않고 더 나아가 보편 인간성 자체를 깊게 질문하는 진중한 글이다.양심... 양심...그리고 작가님께는 박수~~,감사합니다 . 간결하고 세련되고 농축 된 참을성 슬픔 분노 관통 고통 거기 멈추지 않고 나아가 보편 인간성 자체 깊게 질문 진중한 글 . 양심 양심 작가 님 께 박수,5,2024-10-26,2024-10
"만일 혼들의 장소가 있다면 그 곳은 어두울까, 어렴풋이 밝을까부디 좋은 곳으로 갔기를...","만일 혼 장소 있다면 곳 어 두 울까 , 어렴풋이 밝을까 부디 좋은 곳 갔 기를",5,2017-08-13,2017-08
처음에 쉬이 읽다가 너무 우울해져서 계속 읽기 힘들었다. 읽다 쉬다 읽다 쉬다를 반복하고서야 다 읽을 수 있었다.,처음 쉬이 읽다가 우울해져서 읽기 힘들었다 . 읽다 쉬 읽다 쉬다를 반복 서야 읽을 있었다 .,5,2019-03-04,2019-03
몰입감 있고 마음을 묵직하게 파고드는 명작,몰입 감 있고 마음 묵직하게 파고드는 명작,5,2024-12-02,2024-12
꼭한번은 읽어봐야할책.,꼭 번은 읽어 봐 야할 책 .,5,2024-10-12,2024-10
감히 울수조차도 없습니다.삼가 고인들의 명복을 빕니다.....,감히 울 수조 차도 없습니다 . 삼가 고인 명복 빕니다 .....,5,2020-05-19,2020-05
책을 읽고 자려고 누웠는데 눈물이 흐른다.소설이지만 소설로만 볼수 없는 가슴아픈 과거담담하게 써내려간거 같지만 읽을수록 가슴이 요동친다 ....,책 읽고 자려고 누웠는데 눈물 흐른다 . 소설 이지만 소설 로만 볼수 없는 가슴 아픈 과거 담담하게 써 내려간거 같지만 읽을수록 가슴 요동친다 ....,5,2018-03-13,2018-03
한강 작가님 노벨상 크게 크게 축하합니다.,한강 작가 님 노벨상 크게 크게 축하 .,5,2024-10-10,2024-10
별로예요 이 작가 책은 앞으로 안 살래요,별로 예요 작가 책 앞 안 살래요,1,2020-10-19,2020-10
수상 소식에 정말 울컥했습니다. 얼마만에 흘리는 기쁨의 눈물인지...,수상 소식 울컥 했습니다 . 얼마 만에 흘리는 기쁨 눈물 인지,5,2024-10-11,2024-10
글자를 읽는데 눈앞에 그날들이 보였다.,글자 읽는데 눈앞 그날 보였다 .,5,2016-11-18,2016-11
기다렸어요.. 한강작가님 신간,기다렸어요 한강 작가 님 신간,5,2014-05-12,2014-05
한강 작가님 아시아 여성 최초 노벨상 축하드립니다!!몇 년 전에 도서관에서 책 빌려 읽고 참 인상 깊었는데이번엔 대여가 아닌 집에 소장을 해두려 합니다ㅎㅎ,한강 작가 님 아시아 여성 최초 노벨상 축하 드립니다 !! 몇 년 전 도서관 책 빌려 읽고 참 인상 깊었는데 이번 엔 대여 아닌 집 소장 해 두려,5,2024-10-11,2024-10
다시는 못 읽을 것 같다 마음이 너무 아파서그렇지만 우리들이 알아야 할 내용들이다 남김없이 전부,다시는 못 읽을 같다 마음 아파서 그렇지만 알아야 할 내용 남김없이 전부,5,2024-10-25,2024-10
"아름다운 언어, 가슴 아픈 진실, 역사적 진혼가.","아름다운 언어 , 가슴 아픈 진실 , 역사 적 진혼 .",5,2024-10-03,2024-10
"너는, 너는, 너는.","너 , 너 , 너 .",4,2019-02-07,2019-02
"내가 광주에 대해 조금이라도 알고 있다고 생각했던 것이 얼마나 어리석고 우스운 일이었던가.  실로 감탄하게 되는 이 책에, 그리고 숭고한 넋들께 고개를 숙인다.","내 광주 대해 조금 이라도 알 고 있다고 생각 했던 얼마나 어리석고 우스운 일 이었던가 . 실로 감탄 되는 책 , 숭고한 넋 께 고개 숙인다 .",5,2016-05-06,2016-05
내가 가진 건 초판 91쇄.노벨문학상 수상 기념 특별판이 어서 나오길 기다립니다.ㅎ,내 가진 건 초판 91 쇄 . 노벨문학상 수상 기념 특별판 어서 나오길 기다립니다 . ㅎ,5,2024-10-14,2024-10
오월 광주의 열흘을 고스란히 옮긴 한강. 그녀의 가녀린 어깨를 안아주고 싶다,오월 광주 열흘 고스 란 히 옮긴 한강 . 그녀 가녀린 어깨 안아주고 싶다,5,2016-05-17,2016-05
"어쩌끄나,,, 어쩌끄나,,,번들거리며 잘 살고 있는 살인자와 아무렇지도 않게 함께 숨쉬는 세상이 허망해서 숨죽여 울었습니다.","어쩌끄 나 ,,, 어쩌끄 나 ,,, 번 거리 며 살 고 있는 살인자 아무렇지도 않게 함께 숨쉬는 세상 허망 숨 죽여 울었습니다 .",5,2016-02-05,2016-02
서른 다섯.. 광주를모르고 큰 나에게 그곳의슬픔을알린책한장 한장 넘기기가 고통스러워  눈물로 넘긴책이다.모두가 읽고 알아야 할 책. 조금의 주저함도 없이 나의 아이에게 다시 읽히고 싶다,서른 다섯 광주 모르고 큰 나 곳 슬픔 알린 책 한장 한장 넘 기기 고통스러워 눈물 넘긴 책 . 모두 읽고 알아야 할 책 . 조금 주 함 없이 나 아이 읽히고 싶다,5,2016-06-23,2016-06
소름끼치고 슬퍼요. 너무 잘 썼어요.,소름끼치고 슬퍼요 . 썼어요 .,5,2018-03-14,2018-03
고 전두환 대통령에게 이 책을 바칩니다.,고 전두환 대통령 책 바칩니다 .,5,2024-10-11,2024-10
노벨문학상 축하드립니다,노벨문학상 축하 드립니다,5,2024-10-11,2024-10
너무도 고통스러워 책을 읽는 내내 자꾸만 손에서 내려놓게 된다. 얼음같은 불이 가슴을 관통하고 지나간다. 10페이지도 채 읽지 않았는데 자꾸만 눈물이 났다. 자꾸만.,너무도 고통스러워 책 읽는 내내 자꾸만 손 내려놓게 된다 . 얼음 같은 불 가슴 관통 지나간다 . 10 페이지 채 읽지 않았는데 자꾸만 눈물 났다 . 자꾸만 .,5,2017-02-15,2017-02
전 국민의 필독서가 되었으면 좋겠습니다 읽기 버거운 책이지만 꼭 읽어야하는 책입니다,전 국민 필 독서 되었으면 좋겠습니다 읽기 버거운 책 이지만 꼭 읽어 야하는 책,5,2016-11-22,2016-11
노벨상 수상 축하드립니다. 잠자고 있는 채식주의자를 꺼내 읽기 시작한다.,노벨상 수상 축하 드립니다 . 잠자고 있는 채식주의자 꺼내 읽기 시작 .,5,2024-10-11,2024-10
2장과 6장을 읽을 때는 저도모르게 눈물을 줄줄 샜습니다. 간결하지만 묵직한 감정이 묻어나오는 문체가 참 좋았습니다.,2 장 6 장 읽을 때 모르게 눈물 줄줄 샜습니다 . 간결하지만 묵직한 감정 묻어 나오는 문체 참 좋았습니다 .,4,2018-08-11,2018-08
5.18을 북한소행이니 주장하는 모든 권력자와 계엄군들은 광주시민앞에 사죄하라이 책은 그날의 아픔과 그날 이후 남은자들의 고통을 작가의 덤담한 문체로 여과없이 보여준다,5.18 북한 소행 이니 주장 모든 권력자 계엄 군 광주 시민 앞 사죄 하 라이 책 그날 아픔 그날 이후 남은자 고통 작가 덤 담한 문체 여과 없이 보여준다,5,2024-10-23,2024-10
왜곡이 아닌 진실이다. 용기와 의지가 명작을 만들었다.,왜곡 아닌 진실 . 용기 의지 명작 만들었다 .,5,2024-10-12,2024-10
"문장 하나하나 눈에 담았습니다.가슴이 너무 먹먹해서 어떤 말도 못하겠습니다.글로, 책으로 담아주셔서 감사합니다.이 책을 읽지 않은 이들이 없길 바랍니다.","문장 하나 하나 눈 담았습니다 . 가슴 먹 먹 어떤 말 못 하겠습니다 . 글 , 책 담아주셔서 감사합니다 . 책 읽지 않은 없길 바랍니다 .",5,2024-11-06,2024-11
"˝형이 뭘 안다고··· 서울에 있었음스로··· 형이 뭘 안다고··· 그때 상황을 뭘 안라고오.˝, 이 말이 너무 맘에 와 닿네요","형 뭘 안다고 서울 있었음 스 형 뭘 안다고 그때 상황 뭘 안라 고오 ., 말 맘 닿네요",4,2016-08-21,2016-08
감히 말할 수 없는 먹먹함... 한강이 써줘서 더 고맙다.,감히 말 할 없는 먹 먹 함 한강 써줘서 고맙다 .,5,2015-03-07,2015-03
원혼들을 위한 씻김굿. 하지만 아무리 굿판을 반복해 벌여도 고개 숙여야 할 사람들의 재배再拜 없이는 그 한은 씻기지 않으리라.,원혼 위 씻김 굿 . 아무리 굿판 반복 해 벌여도 고개 숙여야 할 사람 재배 再拜 없이는 씻기지 않으리라 .,5,2020-08-04,2020-08
울고 또 울고 가슴아프고 또 아프고...,울 고 울 고 가슴 아프고 아프고,5,2015-02-26,2015-02
"읽는 내내 아프지만, 많은 분들이 꼭 읽으셨으면 하는 강력추천하는 책입니다.","읽는 내내 아프지만 , 많은 분 꼭 읽으셨으면 강력 추천 하 책 .",5,2017-11-17,2017-11
5.18 당시에 광주에 거주하고 있었던 나로서는 이 책을 읽음으로해서 다시 당시의 암울했던 현실을 떠올리게 되었다....,5.18 당시 광주 거주 있었던 나로 서는 책 읽 음으로 당시 암울했던 현실 떠올리게 되었다 ....,5,2014-06-02,2014-06
"시적인 문체, 몽환적인 문체로도 미화되지 않고, 오히려 충격과 슬픔이 더욱 영혼 깊숙한 곳에 파고드는 느낌입니다.","시적 인 문체 , 몽환 적 인 문체 미화 되지 않고 , 오히려 충격 슬픔 영혼 깊숙한 곳 파고드는 느낌 .",5,2024-10-27,2024-10
읽기를 망설였던 책.5.18주제가 너무  무거워 읽는데 용기가 필요했어요.이 책을 쓰기까지 작가님에 고통이 느껴지네요.그래도 피하지말고 기억해야죠.,읽기를 망설였던 책 . 5.18 주제가 무거워 읽는데 용기 필요했어요 . 책 쓰기 작가 님 고통 느껴지네요 . 그래도 피 하지말고 기억 해야죠 .,5,2020-01-05,2020-01
읽어 나아가기 참으로 힘이든 소설....,읽어 나아가기 참으로 힘 이든 소설 ....,5,2016-10-04,2016-10
양심..우리가 인간이고 자녀이고 형제이게 하는..  그래요. 양심.,양심 인간 이고 자녀 이고 형제 게 그래요 . 양심 .,5,2014-12-29,2014-12
읽는내내가슴아팠다. 그때 그곳에 있던 그들이 자랑스럽고 안쓰럽고 또 안타까웠다. 잊지말아야겠다.,읽는내내 가슴 아팠다 . 그때 곳 있던 자랑스럽고 안쓰럽고 안타까웠다 . 잊지말아야겠다 .,5,2017-06-20,2017-06
읽는 내내 픽션이길 바랬다 하지만 소설 속 내용은 현실이며 아직도 그 여파가 자리남아있다 5.18을 주제로 쓰기 쉽지 않았을텐데 작가의 선택과 유가족들의 도움에 감사와 애도를 표한다,읽는 내내 픽션 이길 바랬다 소설 속 내용 현실 아직도 여파 자리 남아있다 5.18 주제 쓰기 쉽지 않았을텐데 작가 선택 유가족 도움 감사 애도 표 한다,5,2020-04-19,2020-04
"그날의 일을 잊을 수 없게, 지울 수 없게 마음에 새겨놓았다.","그날 일 잊을 없게 , 지울 없게 마음 새겨놓았다 .",5,2018-09-14,2018-09
읽으면서 너무 마음이 아팠습니다. 읽는데 힘들지만 그럼에도 모두가 읽어야 하는 책입니다.,읽으면서 마음 아팠습니다 . 읽는데 힘들지만 그럼에도 모두 읽어야 책 .,5,2018-05-16,2018-05
글자 하나하나가 나를 붙잡고 놓아주지 않아 헤어나오기 힘들다.,글자 하나 하나 나를 붙잡고 놓아주지 않아 헤어 나오기 힘들다 .,5,2019-02-12,2019-02
더 많은 사람들이 이 소설을 읽어야 한다.,많은 사람 소설 읽어야 한다 .,5,2015-05-13,2015-05
책을 읽는 내내 아파서 계속해서 연이어 읽기가 힘들었다. 하지만 읽어야하고 알고 기억해야한다.,책 읽는 내내 아파서 연 어 읽기가 힘들었다 . 읽어야하고 알 고 기억 해야 한다 .,5,2016-05-10,2016-05
다 읽고 가슴에 책을 안고 한참을 있었다. 오래전인데 지금도 눈물이 고인다. 이 깊은 슬픔을 잊지 않으리라...,읽고 가슴 책 안고 한참 있었다 . 오래전 인데 지금 눈물 고인다 . 깊은 슬픔 잊지 않으리라,5,2024-10-16,2024-10
내가 읽은 소설 중 감히 최고라고 말하고 싶다.,내 읽은 소설 중 감히 최고 라고 말 싶다 .,5,2020-06-01,2020-06
"5.18 희생자들을 추모하는 작가의 고통이 담긴 언어에 가슴이 먹먹하고 눈시울이 뜨거워졌습니다. 진실을 호도하고, 편을 가르고, 인간의 존엄을 훼손하는 일은 두 번 다시 없어야 합니다.","5.18 희생 자 추모 작가 고통 담긴 언어 가슴 먹 먹하고 눈시울 뜨거워졌습니다 . 진실 호도 , 편 가르고 , 인간 존엄 훼손 일 두 번 없어야 .",5,2023-06-05,2023-06
숨죽여 조용히 마지막장을 넘기다.,숨 죽여 조용히 마지막 장 넘기다 .,5,2014-06-07,2014-06
"광주 민주화 운동에 대해 담담한 듯 풀어내시는 것 같은데... 굉장히 가슴아프게 파고들고, 가슴이 먹먹해지네요. 읽어보길 추천드립니다.","광주 민주화 운동 대해 담담한 듯 풀어내시는 같은데 굉장히 가슴 아프게 파고들고 , 가슴 먹 먹해 지네 요 . 읽어 보길 추천 드립니다 .",5,2017-07-10,2017-07
채식주의자 책을 구입할때 함께 구입했지만 아직 읽지 못한 책~~빠른 시일안에 읽어봐야지,채식주의자 책 구입 할 때 함께 구입 했지만 아직 읽지 못 책 빠른 시 일 안 읽어 봐야지,3,2016-08-18,2016-08
차마 목놓아 울 수도 없을 먹먹함. 가슴에 커다란 납덩이를 올려놓은듯 숨쉬기조차 쉽지가 않아 계속 힘들다..,차마 목 놓아 울 수도 없을 먹 먹 함 . 가슴 커다란 납 덩이 올려놓은 듯 숨쉬기 조차 쉽지가 않아 힘들다,5,2016-12-23,2016-12
몇번이고 책을 손에 들었다 놓았다 한다너무나 읽기 힘든책이지만 고개를 돌릴수는 없는것이다,몇번 이고 책 손 들었다 놓았다 한다 너무나 읽기 힘든 책 이지만 고개 돌릴수는 없는것이다,5,2014-09-05,2014-09
읽고 느꼈다~~~ 새삼 20대의 기억이 떠오른다~~~ 우리 아직 살아있다~~,읽고 느꼈다 ~~~ 새삼 20 대의 기억 떠오른다 ~~~ 아직 살아있다,5,2025-01-21,2025-01
‘아우슈비츠 이후로는 서정시를 쓸 수 없다.’ 악몽처럼 끔찍한 사건 이후 사람들은 살아갈 수 있을까? 이 소설은 그에 대한 답을 조심스러운 목소리로 우리들에게 들려준다.,아우슈비츠 이후 로는 서정시 쓸 없다 . 악몽 끔찍한 사건 이후 사람 살아갈 있을까 ? 소설 대한 답 조심스러운 목소리 들려준다 .,5,2015-05-24,2015-05
"그날에 관한 기사들과 책들로 그날의 아픔을, 외로움을, 남은 고통을 헤아릴 수는 없을 것이다. 다만 나는 읽는 내내 부끄럽고 미안했고 아팠다.","그날 관 기사 책 그날 아픔 , 외로움 , 남은 고통 헤아릴 없을 . 다만 나 읽는 내내 부끄럽고 미안했고 아팠다 .",5,2020-05-17,2020-05
"˝어떤 기억은 아물지 않습니다˝ 몇년 전 도서관에서 빌려 읽고, 수상전 학교에서 구입후 다시 읽었습니다. 세세하게 더 먹먹해지는 감정은 너무 여운이 오래 갔습니다.","어떤 기억 아물지 않습니다 몇 년 전 도서관 빌려 읽고 , 수상전 학교 구입 후 읽었습니다 . 세세하게 먹 먹 해지 감정 여운 오래 갔습니다 .",5,2025-01-20,2025-01
"선량한 시민을 총,대검으로 난자질 하고 너무나도 안타깝다.그 분들로 대한민국이 민주주의 초석이 되었다.그 당시에 관련자들 모두 법정에 세우고, 헌법전문에 반드시 적시해야 한다.","선량한 시민 총 , 대검 난 자질 너무나도 안타깝다 . 분 대한민국 민주주의 초석 되었다 . 당시 관련 자 모두 법정 세우고 , 헌법 전문 반드시 적 시해 야 한다 .",5,2020-05-18,2020-05
<꽃잎>이후 518을 잊고 살았던 것 같습니다... 한강 작가의 노력과 용기에 박수를!  추천합니다.,< 꽃잎 > 이후 518 잊고 살았던 같습니다 한강 작가 노력 용기 박수 ! 추천 .,5,2016-07-19,2016-07
존재자체에 감사하게 되는 소설.,존재 자체 감사하게 되는 소설 .,5,2016-06-14,2016-06
괴롭지만 외면할 수 없는 슬픔피하지 말아야해요,괴롭지만 외면 할 없는 슬픔 피하 지 말 아 야해요,5,2024-10-12,2024-10
감히 뭐라 말 할 수 있을까. 그저 글로 남겨주신 한강 작가님 감사합니다.,감히 뭐라 말 할 있을까 . 그저 글 남겨주신 한강 작가 님 감사합니다 .,5,2021-11-13,2021-11
노벨문학상 축하드립니다.,노벨문학상 축하 드립니다 .,5,2024-10-10,2024-10
이미 알고 있는 역사에서도 먹먹함을 느낀다,이미 알 고 있는 역사 에서도 먹 먹 함 느낀다,5,2025-03-03,2025-03
울면서 봤습니다. 마치 역사 그대로인 느낌이라 단숨에 읽진 못하고 괴로웠습니다.. ㅜ 느끼는 바가 많았어요.,울면 서 봤습니다 . 마치 역사 그대로 인 느낌 이라 단숨 읽진 못 괴로웠습니다 ㅜ 느끼는 바 많았어요 .,5,2018-03-11,2018-03
"우리 시대의 아픔, 뼈가 다 드러날 만큼의 고통이 몰려온다. 한강 작가의 문체는 그 아픔을 다독여준다. 때로는 더 후벼 파며 생생하게 전달하면서도 말이다.","시대 아픔 , 뼈 드러날 만큼의 고통 몰려온다 . 한강 작가 문체 아픔 다독여 준다 . 때로는 후벼 파며 생생하게 전달 하면서도 말 .",5,2024-09-22,2024-09
"있을 수 없는 과거의 아픔을 다시 한번 일깨워준 소설. 사건과 인물의 연계성, 묘사가 정말 뛰어난 소설.","있을 없는 과거 아픔 한번 일 깨워 준 소설 . 사건 인물 연 계 성 , 묘사 뛰어난 소설 .",5,2016-06-16,2016-06
518에 대해 잘 모르는 친구를 위해 선물했습니다. 이 책은 거시적 관점보다는 미시적인 개인의 시점에서 518을 바라보고 있어서 518을 처음 알고 싶어하는 사람에게 권하기 좋은 책입니다.,518 대해 모르는 친구 위해 선물 했습니다 . 책 시적 관점 보다는 미시 적 인 개인 시점 518 바라보고 있어서 518 처음 알 고 싶어하는 사람 권하기 좋은 책 .,5,2017-05-19,2017-05
먹먹함이 가슴에 새겨져 아파 옵니다.,먹 먹 함 가슴 새겨져 아파 옵니다 .,5,2017-09-18,2017-09
시작부터 아리고 끝까지 아프다 고통으로 기억하는 신성한 희생,시작 부터 아리 고 끝 아프다 고통 기억 신성한 희생,5,2024-10-17,2024-10
어렴풋이 알고 있었던 그 때의 이야기.담담하고 답답하고 먹먹하다.그 날의 상처를 그 누가 씻어낼 수 있을까.,어렴풋이 알 고 있었던 때 이야기 . 담담하고 답답하고 먹 먹하다 . 날 상처 누가 씻어 낼 있을까 .,4,2020-12-26,2020-12
이만큼 5.18을 잘 담아낸 예술이 있을까 싶다. 담담한데 격정적인 책.,만큼 5.18 담아 낸 예술 있을까 싶다 . 담담한데 격정 적 인 책 .,5,2017-10-26,2017-10
"직선으로 죽어간 아이들이 충격적이다. 현실에선 얼마나 많은, 그렇게나 괴로운 죽음이 있었을까","직선 죽 어간 아이 충격 적 . 현실 에선 얼마나 많은 , 그렇게나 괴로운 죽음 있었을까",5,2025-02-03,2025-02
"무수한 시간을 지나 차가운 강을 건너 영혼으로 남아, 소년이 온다.","무수 시간 지나 차가운 강 건너 영혼 남아 , 소년 온다 .",5,2014-09-08,2014-09
"너무 좋았어요. 담담한 필체, 간만에 소설책보고 엉엉 울어본 터라..너무 와닿네요. 작가님 책 늘 기대하게됩니다","좋았어요 . 담담한 필체 , 간만 소설 책보 고 엉엉 울어 본 터 라 닿네요 . 작가 님 책 늘 기대하게 됩니다",5,2017-05-18,2017-05
내 인생 가장 슬픈 책.,내 인생 가장 슬픈 책 .,5,2018-01-13,2018-01
잘 읽었습니다ㅠ 하지만 뭔가 먹먹하고 다시 읽긴 힘들것같아요ㅠㅠ,읽었습니다 뭔가 먹 먹하고 읽긴 힘들것 같아요,5,2017-06-02,2017-06
잊지 말아야 할 역사마음을 치며 울리는 문구들,잊지 말아야 할 역사 마음 치 며 울리는 문구,5,2025-02-25,2025-02
읽고 나면 먹먹해요,읽고 나면 먹 먹 해 요,3,2015-05-20,2015-05
노벨문학상 축하드려요. 기라성같은 연세 많으신 작가분들 사이에서 이렇게 젊은 작가가 수상하다니...정말 멋집니다!,노벨문학상 축하 드려요 . 기 라성 같은 연세 많으신 작가 분들 사이 이렇게 젊은 작가 수상하다니 멋집니다 !,5,2024-10-10,2024-10
나도모르게 욕지거리가 나온다.읽는게 너무고통스럽다랄까...,나도 모르게 욕지거리 나온다 . 읽는게 고통스럽다 랄 까,5,2024-10-20,2024-10
내가 이런 작가를 알게 되다니.. 상이란 좋은거구나.,내 이런 작가 알 게 되다니 상 이란 좋은 거구 나 .,5,2017-10-31,2017-10
자꾸만 묻혀지는 그날의 진실이 안타깝습니다.,자꾸만 묻혀지는 그날 진실 안타깝습니다 .,5,2016-05-30,2016-05
아들 학교의 권장도서라 구입했습니다.문장 문장마다 눈물이 줄줄 흐르기도하고 역사의식과 정의감이 샘솟기도 하고 감사함이 일기도 했습니다.,아들 학교 권장 도서 라 구입 했습니다 . 문장 문장 마다 눈물 줄줄 흐르 기도 역사 의식 정의감 샘솟 기도 감사함이 일기도 했습니다 .,5,2017-02-01,2017-02
한강 작가님~-노벨 문학삼 축하드립니다 대한민국 문학에 자랑이십니당 많은 사랑 받으시고 책도 잘읽을께요,한강 작가 님 ~- 노벨 문학 삼 축하 드립니다 대한민국 문학 자랑 이십 니 당 많은 사랑 받으시고 책 읽을께요,5,2024-10-10,2024-10
이 책을읽으면서 잠시도 책에서 눈을떼지 못했네요....어찌나 가슴이 아프던지 ㅜㅜ 우리 아이들이 꼭 한번쯤은 읽어봐야할 책이 아닐까 싶네요,책 읽으면서 잠시 책 눈 떼지 못 했네요 .... 어찌나 가슴 아프던지 ㅜㅜ 아이 꼭 한번 쯤 읽어 봐 야할 책 아닐까 싶네요,5,2018-05-10,2018-05
마주하기 두려워 망설이다 읽은 책어머니의 시점ᆢ과하지 않아서 더 아픈ᆢ가슴에 새기 듯 한 문장 한 문장 써가며 무더운 여름밤을 지났다.,마주 두려워 망설이다 읽은 책 어머니 시점 ᆢ 하지 않아서 아픈 ᆢ 가슴 새기 듯 문장 문장 써가며 무더운 여름밤 지났다 .,5,2024-11-05,2024-11
수상을 축하드리며   작가님작품중 제일먼저 읽고싶은작품입니다~^^,수상 축하 드리며 작가 님 작품 중 일 먼저 읽고싶은 작품 ~^^,5,2024-10-11,2024-10
책을 다 읽고도 한동안 가슴이 먹먹함..,책 읽고도 한동안 가슴 먹 먹 함,5,2015-05-02,2015-05
"문장 하나하나가 마음이 저려서 천천히 읽고 있습니다. 좋은 소설로 노벨상을 받아서 읽을 심리적 공간을, 이유를 주셔서 감사합니다.","문장 하나 하나 마음 저려서 천천히 읽고 . 좋은 소설 노벨상 받아서 읽을 심리 적 공간 , 이유 주셔서 감사합니다 .",5,2024-10-23,2024-10
처음에 몇장만 읽으려고 펼쳤다가 단숨에 읽어 내려갔다도처히 책을 덮을수가 없었다,처음 몇장 읽으려고 펼쳤다가 단숨 읽어 내려갔다 도처 히 책 덮을수가 없었다,5,2024-11-14,2024-11
읽으면서 눈물을 훔치느라 몇번이나 멈췄는지 모릅니다. ㅡ,읽으면서 눈물 훔치느라 몇번 이나 멈췄는지 모릅니다 . ㅡ,5,2025-02-28,2025-02
5.18을 잊지 않고 기억하는 방법,5.18 잊지 않고 기억 방법,5,2024-10-27,2024-10
노벨문학상 수상을 축하합니다.,노벨문학상 수상 축하 .,5,2024-10-11,2024-10
읽는 내내 나를 고통스럽게 하고 마음을 힘들게 한다. 그에 못이겨 책장을 덮고 나면 다시금 생각이 나고 신경이 쓰여서 자세를 바로하고 눈을 똑바로 뜬 채 그날의 기억들을 읽는 방법밖엔 도리가 없다.,읽는 내내 나를 고통 스럽게 마음 힘들게 한다 . 못 이겨 책장 덮고 나면 다시금 생각 나고 신경 쓰여서 자세 바로 눈 똑바로 뜬 채 그날 기억 읽는 방법 밖엔 도리 없다 .,5,2018-08-06,2018-08
그 곳에 살고 있는 나에게 인생 책이 한 권 생겼다.,곳 살 고 있는 나 인생 책 권 생겼다 .,5,2018-08-16,2018-08
너무 가슴이 아파서 다시 들여다보고싶지않은 마음을 다시 돌릴 수밖에 없게 만드는 글...,가슴 아파서 들여다보고싶지 않은 마음 돌릴 없게 만드는 글,5,2023-07-05,2023-07
글은 차분하고 덤덤한데 왜이리 슬프고 먹먹하다 하지만  현실이였고 과거였고 잊지 말아야할 이야기이다,글 차분하고 덤덤한데 왜 이리 슬프고 먹 먹하다 현실 였고 과거 였고 잊지 말 아 야할 이야기,5,2024-11-02,2024-11
"책에서 방사능 피폭이라고 했던 것처럼,이런 끔찍한 일은 일어나고 나서도 끝까지 우리의 기억에 남아있을 것이다.","책 방사 능 피폭 이라고 했던 , 이런 끔찍한 일 일어나고 나서도 끝 기억 남아있을 .",5,2025-01-19,2025-01
관련된 어떤 영화나 기사보다도 처참하다.현실은 더욱 처참했을거라는 생각에책 표지를 보는 것만으로도 힘들어 덮어두었다.마지막엔 결국 눈물을 참을 수 없었다.,관련 된 어떤 영화 나 기사 보다도 처참하다 . 현실 처참했을거라는 생각 책 표지 보는 만으로도 힘들어 덮어 두었다 . 마지막 엔 결국 눈물 참을 없었다 .,5,2025-02-03,2025-02
한강 작가님의 노벨문학상 수상을 진심으로 축하드립니다.작가님의 베스터셀러를 주문하게 되어 영광입니다.열심히 독서하겠습니다..,한강 작가 님 노벨문학상 수상 진심 축하 드립니다 . 작가 님 베스 터 셀러 주문 되어 영광 . 열심히 독서 하겠습니다,5,2024-11-25,2024-11
역사를 잊은 민족에게 미래는 없다잊지말고 기억해나가자,역사 잊은 민족 미래 없다 잊지말고 기억 해 나가자,5,2024-10-25,2024-10
꼭 기억해야하는 우리 이야기,꼭 기억 해야하는 이야기,5,2024-11-05,2024-11
읽는 내내 슬픔이 꾹꾹 밀려왔다. 절대 잊지말아야 할 일을 지금도 모른척 한 이들이 있다는게 속상하다,읽는 내내 슬픔 꾹꾹 밀려왔다 . 절대 잊지말아야 할 일 지금 모른 척 있다는게 속상하다,5,2023-07-01,2023-07
영원한 명작이죠. 자랑스럽습니다,영원한 명작 죠 . 자랑스럽습니다,5,2024-09-28,2024-09
이 시대를 살아가는 대한민국 국민들은 꼭 읽었으면 좋겠습니다.,시대 살아가는 대한민국 국민 꼭 읽었으면 좋겠습니다 .,5,2024-09-30,2024-09
좋은글 감사합니다.항상 응원합니다,좋은 글 감사합니다 . 응원,5,2024-10-01,2024-10
5.18 그날의 아픔을 나눌 수 있는 시간...,5.18 그날 아픔 나눌 있는 시간,5,2016-07-16,2016-07
페이지를  넘길때마다 긴한숨이내가 얼마나 이 책을 이해하면서  읽은건가...,페이지 넘길 때 마다 긴 한숨 이내 얼마나 책 이해 읽은 건가,3,2015-03-05,2015-03
"6장은 눈물이 나서 겨우 읽었다.역사를 잊고 있는 이들이 제발, 부디 읽어줬으면 좋겠다","6 장 눈물 나서 겨우 읽었다 . 역사 잊고 있는 제발 , 부디 읽어 줬으면 좋겠다",5,2014-11-18,2014-11
5.18 광주의 맨얼굴을 담대하게 마주했다는 것만으로도 충분한 이유가 되지 않나.,5.18 광주 맨 얼굴 담대하게 마주 했다는 만으로도 충분한 이유 되지 않나 .,5,2014-12-02,2014-12
마음이 아파서 읽기 힘든 소설이다. 그런데도 읽을 수밖에 없게 만드는 힘이 있다.,마음 아파서 읽기 힘든 소설 . 그런데도 읽을 없게 만드는 힘 있다 .,5,2020-01-03,2020-01
한강작가의 소년이 온다를 읽으면서 마음이 아파서 여러번 책을 닫으면서 읽었는데 이번에 노벨문학상을 받아서 나도 모르게 함성을 질렀습니다.  이번에는 여동생에게 선물하려고 샀습니다.,한강 작가 소년 온다를 읽으면서 마음 아파서 여러 번 책 닫으면서 읽었는데 이번 노벨문학상 받아서 나도 모르게 함성 질렀습니다 . 이번 여동생 선물 하려고 샀습니다 .,5,2024-11-01,2024-11
시작부터 너무 가슴이 아프다,시작 부터 가슴 아프다,5,2024-11-03,2024-11
‘무릎 꿇고 살기보다 서서 죽길 원한다면 먼저 가신 임들을 위해 다 같이 묵념합시다. 먼저 가신 임들을 따라 끝까지 싸웁시다.‘,무릎 꿇고 살기 서서 죽길 원한다면 먼저 가신 임 위해 묵념 합시다 . 먼저 가신 임 따라 끝 싸웁시다 .,5,2016-12-26,2016-12
황석영과 임철우와는 다른 결로 그려낸 광주. 작가의 기품있는 감각이 빚은 애통하고 아름다운 도자같은 작품.,황석영 임철우 와는 다른 결 그려 낸 광주 . 작가 기품 있는 감각 빚 애통하고 아름다운 자 같은 작품 .,5,2017-06-02,2017-06
"굳이 정치적인 시각으로 바라보지 않더라도, 아무렇지 않은 듯 말을 꺼내도 그 무엇보다도 정치적일 수 있고 슬픔을 자아낼 수 있는 작품","굳이 정치 적 인 시각 바라보지 않더라도 , 아무렇지 않은 듯 말 꺼내도 무엇 보다도 정치 적 일 있고 슬픔 자아낼 있는 작품",5,2014-12-06,2014-12
가슴아파서 못읽던책을 용기내서 읽어봅니다,가슴 아 파서 못 읽던 책 용기내서 읽어 봅니다,5,2024-10-14,2024-10
시 쓰지 말고 소설 쓰세요. 한강님!!^^,시 쓰지 말고 소설 쓰세요 . 한강 님 !!^^,5,2014-06-13,2014-06
너무 큰 충격이었다. 나는 아무것도 몰랐구나. 이 책은 인간의 숭고함과 추악함 모두를 보여준다. 숭고함은 죽었고 추악함은 살아남았지. 너무 슬프디 슬픈 인간사여. 누가 그들을 욕할수 있나.,큰 충격 이었다 . 나 아무 몰랐구나 . 책 인간 숭고함과 추악함 모두 보여준다 . 숭고함은 죽었고 추악함은 살아남았지 . 슬프디 슬픈 인간 사 여 . 누가 욕 할수 있나 .,5,2025-03-04,2025-03
자꾸 광주가 되살아 나는 느낌. 참혹하고 슬프나 잊지 말아야 할 역사가 너무나 많다.,자꾸 광주 되 살 아 나 느낌 . 참혹하고 슬프나 잊지 말아야 할 역사 너무나 많다 .,4,2014-08-20,2014-08
슬프지만 아름다운 이야기,슬프지만 아름다운 이야기,5,2017-10-07,2017-10
"내가 알던 5.18 광주민주화항쟁그 뒤에 숨겨진 잔인하고 괴랄한 모습들동호와 정대, 이외에도 그 날에 있던 대참사의 모든 피해자들이 ‘더이상 모욕 당하지 않도록‘절대 이 작품을 잊어서는 안된다","내 알던 5.18 광주 민주화 항쟁 뒤 숨겨진 잔인하고 괴랄 모습 동호 정 대 , 이외 에도 날 있던 대 참사 모든 피해자 이상 모욕 당하지 않도록 절대 작품 잊어서는 안된다",4,2017-02-09,2017-02
"한강 작가에게 고맙다. 이런 책을 써줘서. 문학의 아름다움, 의미, 역할을 환기시켜준 책","한강 작가 고맙다 . 이런 책 써줘서 . 문학 아름다 움 , 의미 , 역할 환기 시켜 준 책",5,2014-12-12,2014-12
표지만 봐도 마음이 답답하고 아프다. 제발 더 이상 되풀이 되지 않기를. 침묵도 해결이 아닌데,표지 봐도 마음 답답하고 아프다 . 제발 이상 되풀이 되지 않기를 . 침묵 해결 아닌데,5,2017-01-04,2017-01
책을 사두고 이제야 시간이 나서 모두 봤다. 말이 필요없는 책. 읽고나서의 여운이 오랫동안 가시지 않았다.,책 사두 고 이제야 시간 나서 모두 봤다 . 말 필요없는 책 . 읽고 나서의 여운 오랫동안 가시 지 않았다 .,5,2025-03-19,2025-03
결코 잊어서는 안될 고귀한 사람들,결코 잊어서는 안될 고귀한 사람,5,2016-10-13,2016-10
매년 새로운 기대를 하게 해줄 유일한 기대주,매년 새로운 기대 해줄 유일한 기 대주,5,2018-10-17,2018-10
지금 읽어야한다.잊혀져서는 안 될 끊임없이 반복될 이야기가 담겨져있다. 매일밤  다시 태어나는 악몽 속에서 우리가 기억해야할 역사가 담겨져있다.,지금 읽어 야한다 . 잊혀져 서는 안 될 끊임없이 반복 될 이야기 담겨져있다 . 매 일밤 태어나는 악몽 속 기억 해야 할 역사 담겨져있다 .,5,2016-11-01,2016-11
한강 작가가 소설을 쓰는동안 마음이 힘들었겠다.한자 한자 읽는 동안 작가의 낭독이 들리는것 같다. 작가의 말투와 글의 말투가 똑같구나,한강 작가 소설 쓰는 동안 마음 힘들었겠다 . 한자 한자 읽는 동안 작가 낭독 들리는것 같다 . 작가 말투 글 말투 똑같구나,5,2025-02-04,2025-02
기억한다 해놓고 거짓말이 되어 버린 다짐이 다시 생각납니다.총칼에 쓰러져간 사람들과 남겨진 사람들의 고통을 조금이나마 더 알아갑니다.,기억 해놓고 거짓말 되어 버린 다짐 생각납니다 . 총 칼 쓰러져 간 사람 남겨진 사람 고통 조금 이나마 알 아 갑니다 .,5,2020-05-30,2020-05
광주가 온다. 내 안의 부채의식이 온다.,광주 온다 . 내 안 부채 의식 온다 .,5,2015-05-14,2015-05
"총알 박힌 흔적이 여전히 남아있는 건물을 보며, 내가 태어나기 고작 20년 전인 아빠가 중학생이었던 시절의 이야기를 들으며 자랐다. 5월이 되면 꼭 읽는 책 중 하나.","총알 박힌 흔적 여전히 남아있는 건물 보며 , 내 태어나기 고작 20년 전인 아빠 중학생 이었던 시절 이야기 들으며 자랐다 . 5월 되면 꼭 읽는 책 중 하나 .",5,2021-01-16,2021-01
마지막 문장을 읽어내기까지 책을 많이도 열고 닫았다.,마지막 문장 읽어내기까지 책 열고 닫았다 .,5,2016-05-18,2016-05
한강. 이제는 나뿐만 아니라 많은 사람에게 묵직한 이름,한강 . 이제 나 뿐 아니라 많은 사람 묵직한 이름,5,2016-08-16,2016-08
"왜 나를 쐈지, 왜 나를 죽였냐고 묻고 싶다그들이 피 흐르는 내 눈을 볼 때까지 말이다.","왜 나를 쐈지 , 왜 나를 죽였냐고 묻고 싶 다그 피 흐르는 내 눈 볼 때 말 .",5,2016-06-30,2016-06
"운다. 계속 울고 있는 작품이어서 책을 펼치기 어려웠다. 그래, 그래도 살아 가자.","운다 . 울 고 있는 작품 이어서 책 펼치기 어려웠다 . 그래 , 그래도 살 아 가자 .",5,2025-01-11,2025-01
노벨문학상 수상의 분위기를 타 오랜만에 재독했어요. 문장 하나하나 꼭꼭 씹어서 기억하고 싶습니다. 한강 작가의 글은 뭔가 슬프고 아프지만 아름다워요.,노벨문학상 수상 분위기 타 오랜 재 독했어요 . 문장 하나 하나 꼭꼭 씹어서 기억 싶습니다 . 한강 작가 글 뭔가 슬프고 아프지만 아름다워요 .,5,2024-12-14,2024-12
고통스러워서 며칠간 야금야금 겨우 읽었다. 좋은 소설이란 역시 사람을 고통스럽게 한다...,고통스러워서 며칠 간 야금야금 겨우 읽었다 . 좋은 소설 이란 역시 사람 고통 스럽게 한다,5,2022-12-16,2022-12
광주에서 일어났던 잊지 말아야 할 불편한 진실. 너무 적나라한 내용과 그것이 오래되지 않은 사실이기에 책장을 넘기는게 힘들었다. 생존자의 관점에서 또 유족의 관점에서 함께 공감하며 눈물이 나기도 했다.,광주 일어났던 잊지 말아야 할 불편한 진실 . 적나라한 내용 그것 오래되지 않은 사실이기에 책장 넘기는게 힘들었다 . 생존자 관점 유족 관점 함께 공감 눈물 나기 .,5,2016-04-22,2016-04
2014년 최고의 작품. 담담한 문체가 더 감정을 추스르기 어렵게 만든다.,2014년 최고 작품 . 담담한 문체 감정 추 스르 기 어렵게 만든다 .,5,2015-05-06,2015-05
개인적으로 한강 작가의 대표작으로 생각합니다.,개인 적 한강 작가 대표 작 생각 .,5,2024-10-16,2024-10
너무나도 강렬하여 책장을 빨리 넘겨버린.. 빨리 읽고 덮고 나서도 다시 펼쳐볼 용기가 나지 않는.. 그러나 그 여운은 진하게 오래가는 책,너무나도 강렬하여 책장 빨리 넘겨 버린 빨리 읽고 덮고 나서도 펼쳐 볼 용기 나지 않는 여운 진하게 오래 가는 책,5,2015-12-28,2015-12
시작부터 끝까지 울게되는 책,시작 부터 끝 울 게 되는 책,5,2016-01-24,2016-01
책 읽고 울기 힘든데 말이야...읽기 힘들어서 글자 하나하나를 꾹꾹 눌러담는 느낌으로 읽었다,책 읽고 울기 힘든데 말 이야 읽기 힘들어서 글자 하나 하나 꾹꾹 눌러 담는 느낌 읽었다,5,2024-05-11,2024-05
"아픈 역사이지만, 꼭 기억하고 다시는 반복되지 않아야 한다는 메시지를 던지고 있다고 생각합니다.","아픈 역사 이지만 , 꼭 기억 다시는 반복 되지 않아야 한다는 메시지 던지고 있다고 생각 .",5,2025-05-29,2025-05
한강 작가님 직품 하나씩 정독하고 있습니다. 소년이 온다 꼭 읽어보시길~,한강 작가 님 직품 하나 씩 정독 . 소년 온다 꼭 읽어 보시길 ~,5,2025-03-14,2025-03
말로는 다 담지 못할 감정들을 이렇게 표현하는구나,말 로는 담지 못 할 감정 이렇게 표현 하는구나,5,2024-06-18,2024-06
"읽으면서 계속 눈물을 흘렸네요! 감사합니다. 몰입해서 잘 읽었습니다. 광주, 용산, 쌍용, 세월호.. 계속 반복되는 역사를 느끼게 됩니다.","읽으면서 눈물 흘렸네요 ! 감사합니다 . 몰입 읽었습니다 . 광주 , 용산 , 쌍용 , 세월호 반복 되는 역사 느끼게 됩니다 .",5,2015-01-30,2015-01
수많은 사람들의 영혼을 갈가리 찢어 놓은 비극은 아무리 시간이 지나도 절대 지워지지 않는다. 부디 이 비극을 겪은 사람들의 영혼만이라도 조금이나마 편안해질 수 있는 시기가 오기를.,수많은 사람 영혼 갈가리 찢어 놓은 비극 아무리 시간 지나도 절대 지워지지 않는다 . 부디 비극 겪은 사람 영혼 만이라도 조금 이나마 편안해질 있는 시기 오기 .,5,2017-02-04,2017-02
새벽에 읽다 너무 울어서 아침까지 눈이 퉁퉁 부어있네요. 학살자들은 아직도 잘살고 그들의 후순뻘인 거짓말쟁이들이 설치고 다니는 작금이 더 슬프네요,새벽 읽다 울어서 아침 눈 퉁퉁 부어있네요 . 학살 자 아직도 잘살고 후순뻘 인 거짓말쟁이 설치 고 다니는 작 금 슬프네요,5,2022-11-10,2022-11
한강 작가님의 작품이라서 믿고 볼 수 있는거 같아요광주민주화운동 당시를 배경으로 이 소설을 보면서 비극적인 역사를 잊지않고 기억해야 한다는 생각이 듭니다,한강 작가 님 작품 이라서 믿고 볼 있는거 같아요 광주 민주화 운동 당시 배경 소설 보면서 비극 적 인 역사 잊지 않고 기억 해야 한다는 생각 듭니,5,2015-11-18,2015-11
내가 소년이 된 듯한... 한 명 한 명의 사연들을 눈시울 붉히며 읽어야했다.,내 소년 된 듯 명 명의 사연 눈시울 붉히며 읽어 야했다 .,5,2016-09-19,2016-09
이글이 과연 70년생 작가가 쓴것이 맞나 하는 생각이 들만큼 생생하게 다가온다이제는 잊혀져만가는 광주를 다시 생각하게 해주는 수작!!!!!,이글 과연 70년 생 작가 쓴것이 맞나 생각 들만큼 생생하게 다가온다 이제 잊혀져 만가 광주 생각 해주는 수작 !!!!!,4,2014-12-24,2014-12
맘이 많이 아프다고 하던데 직접 읽으면 힘들지 않을까 걱정이지만 노벨문학상을 원본으로 읽는 영광을 누리고 싶어서요,맘 아프다고 하던데 직접 읽으면 힘들지 않을까 걱정 이지만 노벨문학상 원본 읽는 영광 누리 고 싶어서요,5,2024-10-17,2024-10
꼭 민주주의를 향한 염원이 성취 되길,꼭 민주주의 향 염원 성취 되길,5,2025-03-16,2025-03
몇권을 구매해도 아깝지 않은 책,몇 권 구매 해도 아깝지 않은 책,5,2020-09-06,2020-09
기억하자. 기억하자우리는 가불로 살고있다,기억 하자 . 기억 하자 가불 살고있다,5,2023-05-11,2023-05
이 책으로 입증되는 ‘소설가의 책무‘를 생각해봅니다,책 입증 되는 소설가 책무 생각 해봅니다,5,2024-10-27,2024-10
저녁 11시에 붙들고  읽기 시작해서 새벽3시쯤 다 읽기까지 책을 놓을 수 없었으며 책을 덮으며 하염없이 눈물이 나더군요.,저녁 11시 붙들고 읽기 시작 새벽 3시 쯤 읽기까지 책 놓을 없었으며 책 덮으며 하염없이 눈물 나더군요 .,5,2020-06-05,2020-06
"다각의 시점, 하나의 고통.. 가슴아프단 말로는 표현이 안되는 먹먹한  통증이 느껴진다","다각 시점 , 하나 고통 가슴 아프단 말 로는 표현 안되는 먹 먹한 통증 느껴진다",4,2017-05-31,2017-05
시큰하게 소중한 사람들의 이야기. 말도 안 되는 일이 버젓이 이루어진 후의 아릿한 쓰림.,시큰하게 소중한 사람 이야기 . 말 안 되는 일이 버젓이 이루어진 후의 아릿한 쓰림 .,4,2017-08-13,2017-08
한강작가의 글은 아름답고 슬프고 동시에 강한 힘이 느껴집니다,한강 작가 글 아름답고 슬프고 동시 강한 힘 느껴집니다,5,2018-12-16,2018-12
읽기 고통스럽지만 우리의 미래를 위해 남겨두어야 할 소설입니다. 문학적 완성도도 매우 높아 한강이 왜 노벨문학상을 받았는지 납득이 갑니다.,읽기 고통스럽지만 미래 위해 남겨 두어야 할 소설 . 문학 적 완성 도도 매우 높아 한강 왜 노벨문학상 받았는지 납득 갑니다 .,5,2025-02-12,2025-02
아주 사실적인 문체와 내용.. 영혼과 몸이 자유로운.. 아픈 통증이 느껴지는 글..,아주 적 인 문체 내용 영혼 몸 자유로운 아픈 통증 느껴지는 글,5,2016-08-01,2016-08
"흔해빠진 표현이지만, 감정의 절제로 격한 감정을 드러낸 책. 그 때문에 계속 읽기 힘들지만 계속 읽어야만 하는 사명감을 독자에게 부여한다.","흔해 빠진 표현 이지만 , 감정 절제 격 감정 드러낸 책 . 때문 읽기 힘들지만 읽어야만 사 명감 독자 부여 .",4,2019-01-02,2019-01
그 남매는 어디로 사라졌을까,남매 어디 사라졌을까,3,2016-01-07,2016-01
너무 많은 피를 흘리지 않았습니까 어떻게 그 피를 그냥 덮으란 말입니까,많은 피 흘리지 않았습니까 어떻게 피 덮으란 말입 니까,5,2024-10-31,2024-10
역사는 다른얼굴을하고 결국은 반복된다 현시국도  일종의 정신적인 학살이  아닐까아픈역사를잊지말고 현실을 외면하지 말고 똑바로바라보자 촛불을 밝히자,역사 다른 얼굴 결국 반복 된다 현시 국도 일종 정신 적 인 학살 아닐까 아픈 역사 잊지말고 현실 외면 하지 말고 똑바로 바라보자 촛불 밝히자,5,2016-11-15,2016-11
5.18 민주화 운동 당시의 상황을 묘사한 책.,5.18 민주화 운동 당시 상황 묘사 책 .,5,2016-11-27,2016-11
잊어서는 안 되는 역사에 대한 문학적 대응이 어떤 방향으로 나아가야 하는지 보여준 작품이었습니다.,잊어서는 안 되는 역사 대한 문학 적 대응 어떤 방향 나아가야 하는지 보여준 작품 이었습니다 .,5,2014-12-18,2014-12
"문체의 아름다움은 물론, 시대의 슬픔도 더이상의 표현이 힘들것 같을 정도로 잘 표현한 최고의 작품. 최고중의 최고.","문체 아름다 움 물론 , 시대 슬픔 이상 표현 힘들것 같을 정도 표현 최고 작품 . 최고 중 최고 .",5,2019-10-16,2019-10
"펼치기 주저했고, 역시 많이 울었고, 포기하려던 삶에 다시 한 번 주먹을 꼭 쥡니다.숨을 쉬어봅니다.","펼치기 주저 했고 , 역시 울었고 , 포기 하려던 삶 번 주먹 꼭 쥡니다 . 숨 쉬어 봅니다 .",5,2020-08-08,2020-08
기억을 소환하는 방식에 있어서 정말 탁월한 연출과 전개방식이 돋보이는 한강의 소설. 정말 가슴 아린 기억의 소환! #소년이_온다,기억 소환 방식 있어서 탁월한 연출 전 개방 식 돋보이는 한강 소설 . 가슴 아린 기억 소환 ! #소년이_온다,5,2020-01-13,2020-01
"5.18일마다 매년 잊지말고 읽어봐야할 책,","5.18일 마다 매년 잊지말고 읽어 봐 야할 책 ,",5,2020-07-06,2020-07
마음이 너무나 아렸습니다. 절대 잊지못할 아니 잊지말아야할 과거사. 가슴 깊이 새겨봅니다.,마음 너무나 아렸습니다 . 절대 잊지못 할 아니 잊지말아야 할 과거 사 . 가슴 깊이 새겨 봅니다 .,4,2014-10-13,2014-10
읽기 힘든 책이지만 이 책이 많은 사람들에게 읽혀졌으면 좋겠습니다. 숭고한 영혼들을 기억하는 사람들이 많아지고 미약한 희망과 양심을 가슴에 품는 사람들이 많아지면 좋겠습니다.,읽기 힘든 책 이지만 책 많은 사람 읽혀졌으면 좋겠습니다 . 숭고한 영혼 기억 사람 많아지고 미약 희망 양심 가슴 품는 사람 많아지면 좋겠습니다 .,5,2025-06-15,2025-06
"노벨문학상 수상으로 알게된 책, 많은 것을 내포하고 있고 너무 늦게 읽은 것을 반성하게 한다.!","노벨문학상 수상 알 게 된 책 , 많은 내포 있고 늦게 읽은 반성 한다 .!",5,2025-01-20,2025-01
힘들게 읽었다. 마음 아프고 울었다,힘들게 읽었다 . 마음 아프고 울었다,5,2022-12-31,2022-12
관점의 차이.17.01.27,관점 차이 . 17.01 . 27,5,2017-07-02,2017-07
｀그 순간 네가 날 살렸어. 삽시간에 내 피를 끓게 해 펄펄 되살게 했어. 심장이 터질것 같은 고통의 힘. 분노의 힘으로｀,순간 네 날 살렸어 . 삽시간 내 피 끓게 해 펄펄 되 살 게 했어 . 심장 터질것 같은 고통 힘 . 분노 힘,5,2016-04-04,2016-04
"단숨에 읽었습니다. 문학적 상상력으로 아픔을 전달하는 놀라운 필체와 플롯, 그리고 문체에 오랜만에 소설의 힘을 느꼈습니다. 읽고 많이 울었습니다.","단숨 읽었습니다 . 문학 적 상상력 아픔 전달 놀라운 필체 플롯 , 문체 오랜 소설 힘 느꼈습니다 . 읽고 울었습니다 .",5,2014-12-19,2014-12
누군가에게 책을 선물한다면 고민할것도 없이 소년이 온다를 선택 할 것이다,누군가 책 선물 한다면 고민 할것도 없이 소년 온다를 선택 할,5,2020-06-02,2020-06
"5.18 민주화운동을 잘 그려낸 소설... 한강 작가의 작품을 좋아하지는 않지만 우리나라 사람이라면, 그 고통의 시대를 겪지 않은 사람이라면  꼭 읽어보아야 할 소설이다.","5.18 민주화 운동 그려 낸 소설 한강 작가 작품 좋아하지는 않지만 우리나라 사람 라면 , 고통 시대 겪지 않은 사람 라면 꼭 읽어 보아 야 할 소설 .",5,2018-05-23,2018-05
처참함과 참담함이 담담함으로 다가옵니다.우리가 꼭 알아야 할 이야기!,처참함과 참담함이 담담함으로 다가옵니다 . 꼭 알아야 할 이야기 !,5,2016-02-15,2016-02
역사를 잊은 민족에게 미래는 없다,역사 잊은 민족 미래 없다,5,2025-04-07,2025-04
읽는 내내 소름끼쳐고 중간중간 눈물이 났다. 내가 경험해 본 세대는 아니지만 마음이 뜨거워지는 소설이다.,읽는 내내 소름끼쳐고 중간 중간 눈물 났다 . 내 경험 해 본 세대 아니지만 마음 뜨거워지는 소설 .,5,2020-05-25,2020-05
민주주의는 피를 먹고 자란다는 말이 떠오르네요ㅠㅠㅠㅠ,민주주의 피 먹고 자란다는 말 떠오르네요 ㅠㅠㅠㅠ,5,2021-04-19,2021-04
알라딘 댓글만큼은 일베들이 침투하지 않기를 바란다.,알라딘 댓글 만큼은 일베 침투 하지 않기를 바란다 .,5,2016-05-25,2016-05
집중해서 쭈욱 읽기가 힘들었습니다. 힘든 소설이었습니다. 그렇게 잘 쓰신거겠죠. ㅠㅠ,집중 쭈욱 읽기가 힘들었습니다 . 힘든 소설 이었습니다 . 그렇게 쓰신거겠죠 .,5,2024-11-22,2024-11
모두가 읽어봐야하는 책,모두 읽어 봐 야하는 책,5,2014-09-15,2014-09
읽고서 정말 먹먹해지는 기분이었습니다. 하지만 꼭 읽어봐야 할 책이기도 한 것 같아요. 추천 드립니다.,읽고서 먹 먹 해지 기분 이었습니다 . 꼭 읽어 봐야 할 책 이기도 같아요 . 추천 드립니다 .,5,2016-07-07,2016-07
고등학교 교과과정 필독서가 되어야 한다.,고등학교 교과 과정 필 독서 되어야 한다 .,4,2025-02-23,2025-02
한 개인에게 있어서 역사란 이렇듯 처절하리만큼 아픔으로 기억될 수 있다는 것을 깨닫게 되었다. 그리고 그 시대를 온전히 공유하지 못한 나 자신을 많이 자책한 시간이기도 하다. 아프다. 생각할 수록 아프다...,개인 있어서 역사 란 이렇듯 처절하리만큼 아픔 기억 될 있다는 깨닫게 되었다 . 시대 온전히 공유 하지 못 나 자신 자책 시간 이기도 하다 . 아프다 . 생각 할 수록 아프다,5,2017-03-19,2017-03
"기억해야 하는 시간, 잊을 수 없는 이름들.","기억 해야 시간 , 잊을 없는 이름 .",5,2020-11-23,2020-11
잊지 않겠습니다. 감사합니다.,잊지 않겠습니다 . 감사합니다 .,5,2017-10-03,2017-10
과연 나는 그 때 어디서 무엇을 했는지...그들이 그렇게 스러져 갔을 때 나는 도대체 무엇이었는지...,과연 나 때 어디서 무엇 했는지 그렇게 스러져 갔을 때 나 도대체 무엇 이었는지,5,2014-08-01,2014-08
그냥 기계적으로 글자만 읽어내려갔음한국문학은 도저히 맞지않는구나 한국문학 안녕~~,기계 적 글자 읽어 내려갔음 국문학 도저히 맞지 않는구나 국문학 안녕,2,2019-07-03,2019-07
노벨상과 비상계엄이라니… 우리는 과거에서 배우고 현재를 바로보는 법으로 또 이겨나갈겁니다,노벨상 비상계엄 이라니 과거 배우고 현재 바로 보는 법 이겨 나갈 겁니다,5,2025-01-13,2025-01
저는 채식주의자 보다는 소년이온다가 너무 좋았습니다 마음이 아팠고 읽고있는 내내 저를 광주 한복판으로 데려다 놓는 한강작가님의 필역에 감탄을 금치 못했습니다. 너무 좋았습니다.,채식주의자 보다는 소년 이온 다가 좋았습니다 마음 아팠고 읽고있는 내내 광주 복판 데려다 놓는 한강 작가 님 필역 감탄 금치 못 했습니다 . 좋았습니다 .,5,2024-11-19,2024-11
"글이 어떻게 시대의 아픔을 대변할 수 있는가를 시적 언어로 보여준 책이다.우리 모두가 공감해야 할, 엄연히 현존하고 있는 역사임을 다시 한번 일깨워준 한강작가님.감사합니다.","글 어떻게 시대 아픔 대변 할 있는가를 시적 언어 보여준 책 . 모두 공감 해야 할 , 엄연히 현 존 있는 역사 임 한번 일 깨워 준 한강 작가 님 . 감사합니다 .",5,2024-11-02,2024-11
인간의 다면성과 인간성을 지키며 사는것에 대한 깊은 성찰을 하게 하는 여운이 깊은 책이다,인간 면 성 인간성 지키며 사는것에 대한 깊은 성찰 여운 깊은 책,5,2025-02-13,2025-02
"여름밤을 좋아했던 동호는 시인이 되었을까.
슬프고 안타까운 그 시간들이 흐르고 흘러도 아물지 않는다.","여름밤 좋아했던 동호 시인 되었을까 . 
 슬프고 안타까운 시간 흐르고 흘러도 아물지 않는다 .",5,2015-05-25,2015-05
가슴을 울리는 글 감사합니다,가슴 울리는 글 감사합니다,5,2024-10-24,2024-10
딸 책꽂이에서 찾아 내 읽었다. 가슴이 먹먹했다.,딸 책꽂이 찾아 내 읽었다 . 가슴 먹 먹 .,5,2024-10-24,2024-10
술술 읽혀내려간 소설. 광주 민주화 운동이 얼마나 잔인하고 참혹했는지 몸소 느낄 수 있었음.,술술 읽혀 내려간 소설 . 광주 민주화 운동 얼마나 잔인하고 참혹했는지 몸소 느낄 있었음 .,5,2021-12-20,2021-12
이야기의 서술방식이 새로웠다. 광주 민주항쟁을 너무 무겁지 않게 접할 수 있는 소설이 아닌가 싶다.,이야기 서술 방식 새로웠다 . 광주 민주 항쟁 무겁지 않게 접 할 있는 소설 아닌가 싶다 .,5,2016-08-26,2016-08
한 소년을 관통한 총알은 44년이 지난 후 이 책을 통해 나에게 도달했다. 총알은 차갑게 식었지만 남아있는 소년의 흔적은 온기를 품고 있었다.,소년 관통 총알 44년 지난 후 책 통해 나 도달 . 총알 차갑게 식었지만 남아있는 소년 흔적 온기 품고 있었다 .,5,2024-10-26,2024-10
노벨문학상 수상을 축하합니다.이 책도 더 널리 알려지길,노벨문학상 수상 축하 . 책 널리 알려지길,5,2024-10-12,2024-10
고통을 피부에 오롯이 새기며 숨죽여가며 읽은책가슴속 저 밑바닥에서 올라오는 분노에 차마 한번에 읽지도 못한 책그러나 영원히 잊지말아야 할 기억잊지않겠습니다,고통 피부 오 롯 새기며 숨 죽여가며 읽은 책 가슴속 밑바닥 올라오는 분노 차마 한번 읽지도 못 책 영원히 잊지말아야 할 기억 잊지 않겠습니다,5,2024-11-16,2024-11
활자만으로도 미치도록 시리고 죄책감에 휩싸인다. 하지만 눈을 뜨고 읽어내야한다. 진실을 마주해야 한다. 그들이 겪은 꿈같은 생시에 비하면 먼지같은 노력이지 않은가.,활자 만으로도 미치도록 시리 고 죄책감 휩싸인다 . 눈 뜨고 읽어내 야한다 . 진실 마주 해야 한다 . 겪은 꿈 같은 생시 비 하면 먼지 같은 노력 이지 않은가 .,5,2019-12-03,2019-12
역사는 반복된다 <소년이 온다> 읽어야 할 때,역사 반복 된다 < 소년 온다 > 읽어야 할 때,5,2024-12-09,2024-12
노골적으로 현실적인 문제를 덤덤하게 서술하고 있음죽음에 대해서도 생각해보게 만든다,노골 적 현실 적 인 문제 덤덤하게 서술 있음 죽음 대해 서도 생각 해보게 만든다,5,2024-11-08,2024-11
대신 울어주는 작가님,대신 울어주는 작가 님,5,2025-02-18,2025-02
우리의 아픈 역사를 잊지않고 되새겨보는 시간이 된듯 합니다 ~,아픈 역사 잊지 않고 되새겨 보는 시간 된듯 ~,5,2025-01-17,2025-01
예전에 읽었지만 읽으면서 너무 가슴 아팠지만 다시 읽어 보려 합니다 한강 작가님 노벨상 수상 축하드립니다,예전 읽었지만 읽으면서 가슴 아팠지만 읽어 보려 한강 작가 님 노벨상 수상 축하 드립니다,5,2024-10-16,2024-10
정치 외면하지 않기. 바른정치에 관심갖는 국민이 많아져야 이런 비극을 막을 수 있다,정치 외면 하지 않기 . 바른 정치 관심 갖는 국민 많아져야 이런 비극 막 있다,5,2024-10-28,2024-10
"아직도 무거운 현실이 거기 그대로 있고.소년이라는 존재를 일깨워 그동안은.어른들의, 시민들의일,이라고만 여겨져더욱 가벼이 여기던 것을 한층 깊이있게 잡아준 듯해서 ...","아직도 무거운 현실 거기 그대로 있고 . 소년 이라는 존재 일 깨워 그동안 . 어른 , 시민 일 , 이라고만 여겨져 가벼이 여기던 한층 깊이 있게 잡아 준 듯",5,2014-12-16,2014-12
아직 끝나지 않은 광주를 통해 한국사의 비극을 적나라하고 가슴 먹먹하게 재현했다.,아직 끝나지 않은 광주 통해 한국사 비극 적나라하고 가슴 먹 먹하게 재현 .,5,2015-05-12,2015-05
그냥 읽어보세요 다른 말이 필요없엉,읽어 보세요 다른 말 필요없 엉,5,2014-05-19,2014-05
노벨상 작품 1권은 소유~,노벨상 작품 1 권 소유 ~,5,2025-01-07,2025-01
"무거운 마음이 가득했지만, 생각거리를 한없이 던져준 좋은 책.","무거운 마음 가득했지만 , 생각 거리 한없이 던져 준 좋은 책 .",5,2014-12-14,2014-12
우린 아직 그 소년을 잊어서는 안 된다.,우린 아직 소년 잊어서는 안 된다 .,5,2014-12-04,2014-12
읽는 내내 가슴이 먹먹했고 너무 생생했다.,읽는 내내 가슴 먹 먹 했고 생생했다 .,5,2018-06-16,2018-06
한강의 눈물. 발자국.,한강 눈물 . 발자국 .,5,2014-12-09,2014-12
감히 평점조차 매길 수가 없습니다. 겉으로 눈물이 흘러내리기 보단 온 마음과 온 몸으로 울게 하는 책입니다. 우리 모두가 꼭 기억해야할 소설이 아닌 과거의 아픈 기록입니다.,감히 평점 조차 매길 수가 없습니다 . 겉 눈물 흘러내리기 보단 온 마음 온 몸 울 게 책 . 모두 꼭 기억 해야 할 소설 아닌 과거 아픈 기록 .,5,2014-09-02,2014-09
선악의 구도가 아니다. 이름 없이 사라진 불꽃들의 이야기다. 가슴이 아리고 안따까운 한숨이 계속난다.한강의 섬세한 문체로 그 아픔이 더해진다.,선악 구도 아니다 . 이름 없이 사라진 불꽃 이야기 . 가슴 아리 고 안 따 까운 한숨 난다 . 한강 섬세한 문체 아픔 더해진다 .,4,2015-08-18,2015-08
잊지 말야야 할 것들을 잊지 않게 해주는 이야기들. 고맙습니다.,잊지 말 야야 할 잊지 않게 해주는 이야기 . 고맙습니다 .,5,2014-12-01,2014-12
"그 시절의 소년, 그 소년이 내게로 온다. 난 뭐라 말해줘야 할까? 눈물밖에 나오는 게 없는데...","시절 소년 , 소년 내게로 온다 . 난 뭐라 말 해줘야 할까 ? 눈물 나오는 게 없는데",5,2014-12-03,2014-12
책을�읽고�하루 종일�휘청거렸다.,책 읽고 하루 종일 휘청거렸다 .,5,2025-01-07,2025-01
달은 밤의 눈동자라고 했다.,달 밤 눈동자 라고 .,4,2019-09-26,2019-09
관심이 없던 사람들도 이런 기회에 한번쯤은 찾아서 읽어보면 좋을 책,관심 없던 사람 이런 기회 한번 쯤 찾아서 읽어 보면 좋을 책,5,2016-04-23,2016-04
"공교롭게도 가장 아팠던 시대, 그러나 과거이기만 할 그 시대가 2014년도에서 그대로 재현되었다. 2014년은 아픈 사람들이 많았다. 소년이 오고 소년이 가고 우리는 갈 길이 멀다","공교 롭 게 가장 아팠던 시대 , 과거 이기만 할 시대 2014년 도에서 그대로 재현 되었다 . 2014년 아픈 사람 많았다 . 소년 오고 소년 가고 갈 길이 멀다",5,2014-12-08,2014-12
가슴아픈 역사...내가 이 땅에 자유를 누리며 살고 있는 이유를 말해주는 소설...,가슴 아픈 역사 내 땅 자유 누리 며 살 고 있는 이유 말 해주는 소설,5,2014-12-05,2014-12
많이 읽고 많이 생각해야 할 책.. 작금의 세태를 보면 더더욱이..,읽고 생각 해야 할 책 작 금 세태 보면 더욱이,5,2014-07-07,2014-07
내가 알고 있다고 생각했던 일들이 실은 전혀 그렇지 않았음을 깨닫게 해준 소설. 오랫동안 잊혀지지 않을 소설입니다. 작가님께 많이 감사했습니다.,내 알 고 있다고 생각 했던 일 실 전혀 그렇지 않았 음 깨닫게 해준 소설 . 오랫동안 잊혀지지 않을 소설 . 작가 님 께 감사했습니다 .,5,2014-12-10,2014-12
실제 일어났던 광주사태를 바탕으로 쓴 내용이라 더욱 마음속에 와 닿고... 시간 가는줄 모르고 읽을듯 하네요. 채식주의자와 함께 소장하시면 좋을듯해요,실제 일어났던 광주 사태 바탕 쓴 내용 이라 마음속 닿고 시간 가는줄 모르고 읽을듯 하네요 . 채식주의자 함께 소장 하시면 좋을듯 해 요,5,2016-05-31,2016-05
슬픔을 넘어서 아름답다.우리 모두 침묵할때 외롭게 외쳐대던 1980년의 광주를 잊지 말기로 하자.,슬픔 넘어서 아름답다 . 모두 침묵 할 때 외롭게 외쳐 대던 1980년 광주 잊지 말기 하자 .,5,2014-12-01,2014-12
오랜만에 표지를 다시 보는데 안개꽃이 참 사람을 먹먹하게 만든다.,오랜 표지 보는데 안개꽃 참 사람 먹 먹하게 만든다 .,5,2014-12-11,2014-12
정말 대단한 책입니다. 그 상황 속에 있었던 사람들의 삶과 아픔을 이토록 절실하게 느낄수있게해준 작가님에게감사하게되네요... 정말정말 추천합니다. 꼭 읽어보세요,대단한 책 . 상황 속 있었던 사람 삶 아픔 토록 절실 느낄수있게 해준 작가 님 감사하게 되네요 추천 . 꼭 읽어 보세요,5,2015-01-26,2015-01
한번에 읽을수 없는 책이었다. 가슴 먹먹함에 몇 번을 쉬었다 읽었는지. . .,한번 읽을수 없는 책 이었다 . 가슴 먹 먹 함 몇 번 쉬었다 읽었는지 . . .,5,2014-12-15,2014-12
80년 5월 광주라는 한 번의 '사건'이 그것을 경험한 사람들의 영혼에 얼마나 큰 상흔을 남겼는지를 고통스러우리만치 절절하게 묘사한 작품이다.,80년 5월 광주 라는 번의 ' 사건 ' 그것 경험 사람 영혼 얼마나 큰 상흔 남겼는지를 고통스러우리만치 절절 묘사 작품 .,5,2014-12-01,2014-12
"그날 광주에서 있었던 일은, 지금 우리에게 무엇이 되었나?","그날 광주 있었던 일 , 지금 무엇 되었나 ?",4,2015-03-18,2015-03
상처는 끄집어내놓아야한다  숨기면 그들만이 좋아할 뿐히틀러 와 전두환아이히만 과 정호용 또는 생각을 거부한 군인들역사는 그들과 화해할 것인가처단할것인가,상처 끄 집어내놓아야 한다 숨기 면 만이 좋아할 뿐 히틀러 전두환 아이히만 정호용 또는 생각 거부 군인 역사 화해 할 인가 처단 할것인가,5,2015-01-14,2015-01
16세 동호를 통해 본 광주민주화운동의 실상들...동족에 만행을 저지른 자들이 아직도 뻔뻔스럽게 살아있다는게 한심한 이 나라의 현실,16 세 동호 통해 본 광주 민주화 운동 실상 동족 만행 저지른 자 아직도 뻔뻔스럽게 살아있다는게 한심한 나라 현실,5,2016-05-30,2016-05
"사전 지식 없이 그저 ｀한강｀이라는 작가만 보고 구입해서 읽었다. 뒤통수를 맞은 기분이었다. 그저 지금은 설명할 어휘가 부족하다. 먹먹하고, 가슴아프다.","사전 지식 없이 그저 한강 이라는 작가 보고 구입 읽었다 . 뒤통수 맞은 기분 이었다 . 그저 지금 설명 할 어휘 부족하다 . 먹 먹하고 , 가슴 아프다 .",5,2014-05-22,2014-05
내가 어둠속에 묻어둔 일들을 차분히 꺼내주었다. 참혹한 일들을 처연하게 바라보며 그건 어제의 일이 아니라 오늘의 일이며 아직도 정리되지 않은 내일의 일이었다.,내 어둠 속 묻어 둔 일 차분히 꺼내주었다 . 참혹한 일 처 연하게 바라보며 그건 어제 일이 아니라 오늘 일이 며 아직도 정리 되지 않은 내일 일 이었다 .,5,2014-11-29,2014-11
동호야......,동호 야 ......,4,2018-09-04,2018-09
5.18은 우리에게 영원한 상처로 남아있다. 책을 읽고 또 한번 상처가 치유되지 않고 피가 철철 흐르고 있음을 느끼게 되었다. 이 상처는 다 나아도 커다란 흉터를 가지고 있게 될것이다.,5.18 영원한 상처 남아있다 . 책 읽고 한번 상처 치유 되지 않고 피 철철 흐르고 있 음 느끼게 되었다 . 상처 나아도 커다란 흉터 가지 고 있게 될것이다 .,5,2016-08-18,2016-08
"올해의 책, 단 하나의.","올해 책 , 단 하나 .",5,2014-12-02,2014-12
노벨수상작이라고 다 명작은 아니다. 역사적 사실 자체가 왜곡된 소설이다. 작가는 공부를 하지않고 집필하는 것으로 보인다.,노벨 수상작 이라고 명작 아니다 . 역사 적 자체 왜곡 된 소설 . 작가 공부 하지 않고 집필 보인다 .,1,2024-10-17,2024-10
소설은 담담하게 읽었는데 에필로그를 읽다보니 눈물이 주르르 흐른다.,소설 담담하게 읽었는데 에필로그 읽다 보니 눈물 주르르 흐른다 .,4,2015-02-22,2015-02
한강의 문장. 아프지만 놓을 수가 없다.,한강 문장 . 아프지만 놓을 수가 없다 .,5,2014-12-18,2014-12
"묵념…광주의 참상…이보디 자세할 수 없으리라. 하지만,책은 지루한 감이 있다.","묵념 광주 참상 보디 자세할 없으리라 . , 책 지루한 감 있다 .",3,2024-11-05,2024-11
처참했던 1980년 5월의 광주..두껍지 않은 책이지만 글이 주는 무게감은 대하소설 못지않다.,처참했던 1980년 5월 광주 두껍지 않은 책 이지만 글 주는 무게 감은 대하 소설 못지않다 .,5,2015-02-02,2015-02
"나에게 마냥 설렜던 봄이 누군가에게는 해마다 찾아오는 슬픔인 걸 몰랐습니다. 아니 알려고 하지 않았고, 어쩌면 모른척 했을지도 모르겠습니다. 다가오는 5월의 슬픔들을 기억합니다.","나 마냥 설렜던 봄 누군가 에게는 해마다 찾아오는 슬픔 인 걸 몰랐습니다 . 아니 알려고 하지 않았고 , 어쩌면 모른 척 했을지도 모르겠습니다 . 다가오는 5월 슬픔 기억 .",5,2015-04-23,2015-04
사실 잘 안 읽혀서 읽기까지 시간이 좀 걸렸어요 그런데 다 읽고나니 읽길 잘했다는 생각이 드네요. 건조하고 담담하게 진행되는데 읽는 입장에선 그렇게 느껴지지 않음,안 읽혀서 읽기까지 시간 걸렸어요 그런데 읽고나니 읽길 했다는 생각 드네 요 . 건조하고 담담하게 진행 되는데 읽는 입장 에선 그렇게 느껴지지 않음,4,2018-11-06,2018-11
오열하게 만든 책!! 작가님께 감사함을 느끼는 책!!,오열 만든 책 !! 작가 님 께 감사함을 느끼는 책 !!,4,2015-08-06,2015-08
제목의 의미광주시청 앞 분수한강 작가와의 이야기,제목 의미 광주 시청 앞 분수 한강 작가 와의 이야기,4,2017-09-17,2017-09
아직 우리에게 희망이 있다는 것을 보여주는 책,아직 희망이 있다는 보여주는 책,5,2015-05-15,2015-05
"이 글에는 스포일러가 포함되어 있습니다. 보시겠습니까?
                                회색 영역을 클릭하면 내용을 확인할 수 있습니다.","글 스포일러 포함 되어 . 보시겠습니까 ? 
                                 회색 영역 클릭 하면 내용 확인 할 .",5,2015-02-11,2015-02
때론 담담하게 때론 적나라하게 풀어낸 그날의 광주,때론 담담하게 때론 적나라하게 풀어 낸 그날 광주,4,2016-04-02,2016-04
왜 발포 책임자는 아직도 숨을 쉬고 있는가...........,왜 발포 책임자 아직도 숨 쉬 고 있는가 ...........,5,2014-11-24,2014-11
잊혀진 5.18의 기억을 되살린 책 마지막장을 덮는데 나도 모르게 눈물이 주르륵 흘렀다,잊혀진 5.18 기억 되살린 책 마지막 장 덮는데 나도 모르게 눈물 주르륵 흘렀다,5,2014-12-04,2014-12
꼭 읽어야 한다. 그 날을 담담한 듯 그러나 세심하게 표현하였다. 꼭 읽고 그 날을 기억하자. 거짓된 정보와 거짓된 언론에 속지말고.,꼭 읽어야 한다 . 날 담담한 듯 세심 표현 하였다 . 꼭 읽고 날 기억 하자 . 거짓 된 정보 거짓 된 언론 속지 말고 .,5,2015-05-12,2015-05
소년이 왔어요. 소년이 왔습니다. 그러면 된겁니다. 더이상 소년이 왔는데 무슨 말이 필요할까요..,소년 왔어요 . 소년 왔습니다 . 그러면 된 겁니다 . 이상 소년 왔는데 무슨 말 필요할까 요,5,2025-04-23,2025-04
우리의 가슴 아픈 역사를 다시한번 생각하게 만드는 책이었다.100% 픽션이 아니라서 더욱 가슴아프고 마음 아파서 한동안  너무 아팠던 책이었다.,가슴 아픈 역사 한번 생각 만드는 책 이었다 . 100% 픽션 아니라서 가슴 아프고 마음 아파서 한동안 아팠던 책 이었다 .,5,2014-12-09,2014-12
서늘하고 시리고 춥고 아프다. 시를 쓰는 작가가 써서 다행이다. 다시 읽어야 겠다 다시 읽지 못할 것 같다.,서늘하고 시리 고 춥고 아프다 . 시를 쓰는 작가 써서 다행 . 읽어야 겠다 읽지 못 할 같다 .,4,2018-01-10,2018-01
문장 하나하나가 다 생생하고 절절하다. 한강의 소설은 눈으로 읽는 게 아니라 온몸으로 읽는 것 같아 한번에 많이 읽을 수가 없다. 그럼에도 불구하고 끝까지 읽게되는 마법같은 소설.,문장 하나 하나 생생하고 절절 하다 . 한강 소설 눈 읽는 게 아니라 온몸 읽는 같아 한번 읽을 수가 없다 . 그럼에도 불구 끝 읽게 되는 마법 같은 소설 .,5,2014-11-24,2014-11
나는 이 책을 보고 518의 아픔을 더욱 더욱 크게 느꼈다.,나 책 보고 518 아픔 크게 느꼈다 .,5,2016-05-22,2016-05
이런 시절이라서 더 마음에 와닿는 부분들이 있네요.,이런 시절 이라서 마음 닿는 부분 있네요 .,5,2024-10-16,2024-10
"아프지만 꾸준한 응시가 아름다운 작품.내가 좋아하는 한강, 그녀의 응시가 아름답다고 늘 생각한다.","아프지만 꾸준한 응시 아름다운 작품 . 내 좋아하는 한강 , 그녀 응시 아름답다고 늘 생각 한다 .",5,2014-12-14,2014-12
한국 현대사에서 광주민주항쟁을 떠올리면 늘 마음 한 켠이 아려온다. 그 동안 이를 소재로 한 문학자품들은 많았지만 등장 인물을 통해 작가가 말하고자 하는 방법이 독특해서 투표를 한다.,한국 현 대사 광주 민주 항쟁 떠올리면 늘 마음 켠이 아려 온다 . 동안 이를 소재 문학자 품 많았지만 등장 인물 통해 작가 말 하고자 방법 독특해서 투표 한다 .,5,2014-12-10,2014-12
잘 읽겠습니다. 기대되네요,읽겠습니다 . 기대 되네요,5,2024-10-18,2024-10
독서경험이 아닌 체험 그 자체가 되어버린 소설,독서 경험 아닌 체험 자체 되어 버린 소설,5,2014-12-09,2014-12
품절인데 재출간해주세요. 노벨문학상과 관련된 굿즈가 나왔으면 좋겠어요. 최초의 한국작가의 수상 이잖아요. 노벨메달 구슬문진을 제작해주세요.대박일거에요.,품절 인데 재 출 간 해주세요 . 노벨문학상 관련 된 굿즈 나왔으면 좋겠어요 . 최초 한국 작가 수상 이잖아요 . 노벨 메달 구슬 문진 제작 해주세요 . 대박 일거에요 .,5,2024-10-19,2024-10
추천으로 끝나느게 아니라 구입해서 선물하는 책!,추천 끝나느게 아니라 구입 선물 책 !,5,2018-11-16,2018-11
"교과서로만 보았던 역사를 간접적으로나마 경험한다.그 시대 사람들이 얼마나 아프고, 힘들었는지를.이 책을 읽고 알았다. 내가 참 많이 우리 역사를, 아픔을 몰랐구나.","교과서 로만 보았던 역사 간접 적 으로나 마 경험 한다 . 시대 사람 얼마나 아프고 , 힘들었는지를 . 책 읽고 알았다 . 내 참 역사 , 아픔 몰랐구나 .",5,2015-01-08,2015-01
이제껏 미루고 미루다가 마음을 굳게 먹고 드디어 읽었습니다. 도서관에서 빌려서 읽었는데 꼭 소장하고픈 책입니다.마음이 너무 아파서 다시 읽지 않더라도요.,이제껏 미루고 미루다가 마음 굳게 먹고 드디어 읽었습니다 . 도서관 빌려서 읽었는데 꼭 소장 하고픈 책 . 마음 아파서 읽지 않 더라도 요 .,5,2016-01-10,2016-01
광주의 아픔이 담담한듯 사무치게 느껴진다,광주 아픔 담담한듯 사무치게 느껴진다,5,2014-12-06,2014-12
내용도 슬프지만 아름답습니다. 요즘 소설에서는 보기드물게 감동을 안겨줍니다. 게다가 문장 또한 훌륭합니다.,내용 슬프지만 아름답습니다 . 소설 에서는 보기 드물게 감동 안겨 줍니다 . 게다가 문장 훌륭합니다 .,5,2014-12-01,2014-12
"˝우리는 동물이 되어서는 안된다˝ ([이것이 인간인가])인간이 되기 위해, 결과적으로 겪어야 했던 일들이 죽음이거나 평생의 고통이다.이제 그들과 그 가족들은 ˝꽃 핀 쪽으로˝ 가야 한다. 하지만 우리는 어디로 가야 할까?","동물 되어서는 안된다 ([ 인간 인가 ]) 인간 되기 위해 , 결과 적 겪어야 했던 일 죽음 평생 고통 . 이제 가족 꽃 핀 쪽 가야 한다 . 어디 가야 할까 ?",5,2016-07-13,2016-07
굳이알아서 맘아프고싶지않지만꼭 읽고 알아야하는 것이이책에있다,굳이 알아서 맘 아프고싶지 않지만 꼭 읽고 알아야하는 책 있다,5,2015-09-15,2015-09
"책을 내려 놓고 통곡하길 몇번이던가..가슴이 너무 아파 한번에 다 읽지를 못했다.너무 담담하게 절제된 문장으로 써 내려간 글 때문에 더 가슴이 먹먹하고 아팠더랬다.꼭, 읽어보길.. 대한민국 사람이라면..","책 내려 놓고 통곡 하길 몇번 이던 가슴 아파 한번 읽지를 못 . 담담하게 절제 된 문장 써 내려간 글 때문 가슴 먹 먹하고 아팠더랬다 . 꼭 , 읽어 보길 대한민국 사람 라면",5,2014-11-22,2014-11
"가슴 아프지만, 꼭 읽어야할 책","가슴 아프지만 , 꼭 읽어 야할 책",5,2014-12-02,2014-12
오월의 광주에는 아직도 소년이 온다,오월 광주 아직도 소년 온다,5,2025-01-07,2025-01
한강이란 작가를 내게 각인시켜준 작품,한강 이란 작가 내게 각 인시 켜준 작품,5,2015-05-08,2015-05
소설을 의무감으로 쓸 필요는 없다.,소설 의무감 쓸 필요 없다 .,2,2021-12-11,2021-12
음.... 이건 너무 슬픈것 같아요,음 .... 이건 슬픈것 같아요,5,2016-04-13,2016-04
한 번 열어 멈출 수 없는 이야기들. 묵직하게 다가온다,번 열어 멈출 없는 이야기 . 묵직하게 다가온다,5,2015-02-28,2015-02
"오늘이 518이네요. 
첫 장을 넘길 때부터 눈물이 가득 담기게 만든.. 그 눈물조차 죄스럽게 느껴지는.. 강추합니다.",오늘이 518 이네요 . 첫 장 넘길 때 부터 눈물 가득 담기게 만든 눈물 조차 죄 스럽게 느껴지는 강 추합니다 .,5,2015-05-18,2015-05
역사왜곡을 소설이라는 수단으로 교묘하게 잘 포장하시네요,역사왜곡 소설 이라는 수단 교묘하게 포장 하시네요,1,2025-03-26,2025-03
"나에게 이 책은 이렇게 인기가 많기 전, 읽다가 중도에 포기한 책. 하지만 다시 집어들어야하는 책임감이 드는 책","나 책 이렇게 인기 많기 전 , 읽다가 중도 포기 책 . 집어 들어 야하는 책임감 드는 책",5,2017-09-01,2017-09
책을 읽으며... 고통받은 이들은 참혹하게 죽어갔는데... 고통을 준 이들은 어찌 살고 있을지... 진심으로 궁금해 졌다. 잊지 말아야한다 그들의 아픔을... 그들의 슬픔을...,책 읽으며 고통 받은 참혹하게 죽어 갔는데 고통 준 어찌 살 고 있을지 진심 궁금해 졌다 . 잊지 말 아 야한다 아픔 슬픔,5,2016-05-30,2016-05
"두고두고 아프다, 는 말 이외에 또 어떤 표현이 필요할지","두고두고 아프다 , 말 이외 어떤 표현 필요할지",5,2014-12-07,2014-12
한강의 담담한 문체로 써내려간 그날의 이야기.,한강 담담한 문체 써 내려간 그날 이야기 .,5,2015-05-21,2015-05
마지막 에필로그에서 눈물이....,마지막 에필로그 눈물 ....,5,2014-12-03,2014-12
광주에 대해 쓴 수많은 책들 중 으뜸!,광주 대해 쓴 수많은 책 중 으뜸 !,5,2014-11-30,2014-11
한글판 독서가능 영광이에요,한글 판 독서 가능 영광 이에요,5,2024-11-26,2024-11
"단숨에 읽을수 있었지만, 읽을 수 없었다글이 간결하고 또렷했고 무엇보다 술술 읽혔지만그래서 더욱 힘들었다이 타이밍에 이렇게 읽을수있어 감사한 책","단숨 읽을수 있었지만 , 읽을 없었다 글 간결하고 또렷했고 무엇 술술 읽혔지만 힘들었다이 타이밍 이렇게 읽을수있어 감사한 책",5,2015-05-22,2015-05
초반이 조금 지루하지만 마지막을 읽어야 앞에 내용들을 잘 이해하게 됨..기억에 남는 문장은 꽃 핀 쪽으로 가라는 아리고 어린 따듯한 마음이 남는다.,초반 조금 지루하지만 마지막 읽어야 앞 내용 이해 됨 기억 남는 문장 꽃 핀 쪽 가라 아리 고 어린 따듯 마음 남는다 .,4,2024-12-30,2024-12
말은 칼보다 강하다는 것처럼책을 놓는 그 순간까지 여운이 남았습니다,말 칼 강하다는 책 놓는 순간 여운 남았습니다,5,2025-05-31,2025-05
내일이  518 입니다. 봐야죠. 젊은 새대일수록 더욱더.,내일 518 . 봐야죠 . 젊은 새 대 일수록 더욱더 .,5,2016-05-17,2016-05
한글이 원서라니! 원서를 읽을 수 있음이 좋음. 아름다운 문체와 긴 여운.,한글 원서 라니 ! 원서 읽을 있음 좋음 . 아름다운 문체 긴 여운 .,5,2021-05-15,2021-05
과연 내공이란 이런 것이다....너무 가슴이 먹먹해서 소주한잔 한다!!!,과연 내공 이란 이런 .... 가슴 먹 먹 소주 한잔 한다 !!!,5,2017-07-08,2017-07
"차마 단숨에 읽어 낼 수 없어도 기어코 읽어내야 하는, 고통으로 기억해야 하는 그 시절.","차마 단숨 읽어 낼 없어도 기어 코 읽어내야 , 고통 기억 해야 시절 .",5,2015-03-16,2015-03
"표지도 열기 전, 뒤표지에 실려 있는 신형철이라는 문학평론가의 추천사 중 파울 첼란이니 쁘리모 레비니 하는 대목은 홀든 콜필드의 목소리를 빌리자면 정말 토나오려고 하네요.","표지 열기 전 , 뒤 표지 실려 있는 신형철 이라는 문학평론가 추천사 중 파울 첼란 이니 쁘 리모 레비 니 대목 홀든 콜 필드 목소리 빌리자면 토나오려고 하네요 .",5,2022-07-17,2022-07
대단한 작가님! 너무 멋집니다. 노벨문학상이라뇨. 작가님의 책을 꼭 챙겨보겠습니다.,대단한 작가 님 ! 멋집니다 . 노벨문학상 이라 뇨 . 작가 님 책 꼭 챙겨 보겠습니다 .,5,2024-10-11,2024-10
세계문학전집 시리즈에 포함돼도 손색이 없는 책,세계문학 전집 시리즈 포함 돼도 손색 없는 책,5,2021-11-11,2021-11
5�18 민주화운동 지워지지않는 역사의 한페이지훗날 자손까지도 회자되는 이야기,518 민주화 운동 지워지지 않는 역사 페이지 훗날 자손 까지도 회 자 되는 이야기,4,2025-05-16,2025-05
2010년 이후 최고의 소설!,2010년 이후 최고 소설 !,5,2015-05-01,2015-05
"5.18 광주의 이야기. 읽고나면 가슴 한 구석이 먹먹해지는 책.자기 전책을 펼쳤는데,마지막 페이지는 기여코 넘기고야 마는...","5.18 광주 이야기 . 읽고나면 가슴 구석 먹 먹 해지 책 . 자기 전 책 펼쳤는데 , 마지막 페이 지는 기여 코 넘기고야 마는",5,2014-12-13,2014-12
고통과 슬픔은.. 이제 혼이 되어 우리에게 다가왔다.우리가 잊지 말아야 할 그들의 마음을 담은 책.,고통 슬픔 이제 혼 되어 다가왔다 . 잊지 말아야 할 마음 담은 책 .,5,2017-03-02,2017-03
우리가 꼭 알아야 할 이야기..,꼭 알아야 할 이야기,5,2016-04-07,2016-04
읽고 나서 한참동안 다른 책을 볼 수가 없었다.,읽고 나서 한참 동안 다른 책 볼 수가 없었다 .,5,2014-12-02,2014-12
소년이 온다를 먼저 읽기 잘한것 같습니다.덕분에 작가님을 알게 된거 같아요,소년 온다를 먼저 읽기 한것 같습니다 . 덕분 작가 님 알 게 된거 같아요,5,2024-10-30,2024-10
먹먹하다 한강이라면 광주를 이렇게 그려낼 수도 있구나.,먹 먹하다 한강 라면 광주 이렇게 그려 낼 수도 있구나 .,5,2014-12-11,2014-12
어렴풋해져가는 과거의 슬픈 역사가 지금 내 주변의 이야기처럼 생생하게 가슴을 친다. 저자의 단단한 문체가 좋다.,어렴풋해져가는 과거 슬픈 역사 지금 내 주변 이야기 생생하게 가슴 친다 . 저자 단단한 문체 좋다 .,5,2015-05-14,2015-05
꼭 한권의 책으로 읽고 느끼고 생각하고 소유하자,꼭 권 책 읽고 느끼고 생각 소유 하자,5,2025-01-03,2025-01
꽃 핀 곳으로 걸으라는 동호 말에 오열하며 울었습니다. ㅠㅠ 정말 최고의 책 ㅠㅠ,꽃 핀 곳 걸으라는 동호 말 오열 울었습니다 . 최고 책,5,2024-10-31,2024-10
잊지 말아야 할 현대사를 슬프지만 아름답게 표현했다. 그럼에도 잊지 말아야 할 현실을 지금도 생각하게 한다.,잊지 말아야 할 현 대사 슬프지만 아름답게 표현 . 그럼에도 잊지 말아야 할 현실 지금 생각 한다 .,5,2015-05-06,2015-05
기억하겠습니다.바르게 알겠습니다,기억 하겠습니다 . 바르게 알겠습니다,5,2025-05-26,2025-05
작가 한강에 대한 관심으로 구입,작가 한강 대한 관심 구입,5,2014-12-08,2014-12
소년은 지금도 온다!!,소년 지금 온다 !!,5,2025-05-31,2025-05
"차분하게 선배와 친구들을 이야기하기에는,
걸어온 길보다 가야할 길이 아직은 더 멀기때문입니다. 
우리에게 5월은 언제나 따뜻한 봄 날로 돌아올지요.","차분하게 선배 친구 이야기 하기에는 , 
 걸어온 길 가야 할 길이 아직 멀기 때문 . 5월 언제나 따뜻한 봄 날로 돌아올지요 .",5,2015-05-28,2015-05
읽는 내내 소름이 끼치고 먹먹해져서 읽다 멈추다를 반복했던 책.. 덤덤하고 간결한 문체가 더 아파왔다.,읽는 내내 소름 끼 치고 먹 먹 해져서 읽다 멈추다를 반복 했던 책 덤덤하고 간결한 문체 아파 왔다 .,5,2016-12-23,2016-12
아스라히 때로는 찌릿하게 전해지는 그때의 슾름,아스라히 때로는 찌릿하 게 전해지는 그때 슾름,5,2014-12-12,2014-12
"시대의 아픔이, 지금도 진행중인 전국적인 왕따의 피해자인 한 도시의 아픔이 너무나 절실히 와닿았던 책이에요.소설을 통해 건네받은 작가의 위로로 코끝이 찡해졌네요.","시대 아픔 , 지금 진행중 인 전국 적 인 왕따 피해자 인 도시 아픔 너무나 절실 히 닿았던 책 이에요 . 소설 통해 건네 받은 작가 위로 코끝 찡해졌네요 .",5,2014-11-29,2014-11
아직도 마음이 먹먹하다. 너무 재밌게 읽은 책!,아직도 마음 먹 먹하다 . 재밌게 읽은 책 !,5,2015-01-22,2015-01
"책장을 넘기는 것 조차 힘든
그 때의 잔혹한 슬픈 이야기.","책장 넘기는 조차 힘든 
 때 잔혹한 슬픈 이야기 .",4,2015-05-29,2015-05
장편의 호흡으로 단편의 통찰을 묵직하게 녹여낸 수작,장편 호흡 단편 통찰 묵직하게 녹여 낸 수작,5,2014-12-01,2014-12
"그때 그 시절을 경험하지 못한 자들이여, 읽어라. 읽으면 0.1% 정도는 진실로 함께 아파할 수 있다.","그때 시절 경험 하지 못 자 이여 , 읽어라 . 읽으면 0.1% 정도 진실로 함께 아파 할 있다 .",5,2015-02-23,2015-02
나는 이렇게 살아있다는게 미안해지네요. 그들과 나는 같은 사람인데요.많은 사람들이 꼭 이 책을 읽어보았으면 좋겠다는 생각이 듭니다.,나 이렇게 살아있다는게 미안해지네요 . 나 같은 사람 인데 요 . 많은 사람 꼭 책 읽어 보았으면 좋겠다는 생각 듭니 .,4,2015-05-07,2015-05
공지영씨의 고등어...김훈의 칼의 노래...한강의 소년이 온다까지...짧은 문장 하나만으로도 가슴 저 밑바닥을휘저어 놓는 서늘함이 있다...,공지영 씨 고등어 김훈 칼 노래 한강 소년 온다까지 짧은 문장 하나 만으로도 가슴 밑바닥 휘저 어 놓는 서늘함이 있다,5,2014-12-26,2014-12
광주의 기억을 돌아보게 했다.,광주 기억 돌아보게 .,4,2015-04-30,2015-04
한번으로는 이해가 쉽지않아 두번읽은 책각장마다 관점이 달라져서 이해가 힘들었다 하지만 너무 생생해서 역사를 다시 공부하고 싶은생각까지들게했다,한번 으로는 이해 쉽지 않아 두 번 읽은 책 각장 마다 관점 달라져서 이해 힘들었다 생생해서 역사 공부 싶은 생각 들게,4,2021-05-21,2021-05
과거의 마음을 걷는 한강의 문장들,과거 마음 걷는 한강 문장,5,2014-12-02,2014-12
너무 아픈소설..하지만 이 책은 누구나 꼭 읽어봐야 한다.,아픈 소설 책 누구 나 꼭 읽어 봐야 한다 .,5,2014-12-09,2014-12
광주에 사는 사람입니다. 다른지역 사람들보다 518에 대해서 잘 안다고 생각했는데 이 글을 보고 또 한번 마음이 동했습니다 추천합니다,광주 사는 사람 . 다른 지역 사람 518 대해 서 안다고 생각 했는데 글 보고 한번 마음 동 했습니다 추천,5,2014-12-12,2014-12
글 읽는 내내 작가의 필력에 전율이느껴지는 책,글 읽는 내내 작가 필 력 전율 느껴지는 책,5,2024-10-23,2024-10
가슴 아팠다. 그 시절 그 때...경험하지 못했지만 이 소설의 아픔에 같이 울었다.,가슴 아팠다 . 시절 때 경험 하지 못 했지만 소설 아픔 울었다 .,5,2014-12-02,2014-12
꼭 읽어보셔서 역사를 바로 알수 있는 책입니다,꼭 읽어 보셔서 역사 바로 알수 있는 책,5,2025-05-24,2025-05
책장을 넘길 때마다 장면장면이 그려진다. 멋진 책.,책장 넘길 때 마다 장면 장면 그려진다 . 멋진 책 .,4,2014-08-08,2014-08
"여러 시점에서 조각을 맞추듯, 슬픈 현대사의 한 고비를 조명합니다. 
빨간책방인가 라디오책다방 팟캐스트도 함께 들으시면 더 좋습니다.","여러 시점 조각 맞추듯 , 슬픈 현대 사의 고비 조명 . 빨간 책방 인가 라디오 책다방 팟캐스트 함께 들으시면 좋습니다 .",5,2015-04-28,2015-04
"광주에 대한 정면승부.
소설의 호흡에 숨이 막힐 듯 하다.","광주 대한 정면 승부 . 
 소설 호흡 숨 막힐 듯 하다 .",5,2015-04-28,2015-04
우리의 역사는 미래와 과거의 돌다리이다,역사 미래 과거 돌다리,5,2024-10-12,2024-10
광주의 이야기를 여러권 읽었지만 소년이 온다가 그 중 으뜸이었다.,광주 이야기 여러 권 읽었지만 소년 온 다가 중 으뜸 이었다 .,5,2014-12-05,2014-12
한강만의 정제된 문장. 읽으면서 정말 많이 울었습니다. 더 많은 사람들이 읽을 수 있기를.,한강 만의 정제 된 문장 . 읽으면서 울었습니다 . 많은 사람 읽을 있기를 .,5,2014-12-04,2014-12
현존하는 5월 광주에 대한 기록 중 최고입니다.,현 존 하 5월 광주 대한 기록 중 최고 .,5,2025-05-31,2025-05
한번에 읽을 수 없는 책... 두고 두고 곱씹어야 된다.반복되어서는 안되기에...,한번 읽을 없는 책 두고 두고 곱씹어야 된다 . 반복 되어서는 안되기에,5,2025-05-27,2025-05
아직도 광주 민주항쟁을 왜곡하고 부정하는 사람들이 꼭 읽었음 하는 책.,아직도 광주 민주 항쟁 왜곡 부정 사람 꼭 읽었음 책 .,5,2014-12-02,2014-12
이 시대에 꼭 읽어야할 책!,시대 꼭 읽어 야할 책 !,5,2015-05-18,2015-05
재밌게 잘 읽었어요!!,재밌게 읽었어요 !!,4,2014-12-11,2014-12
역사적 사건을 아주 독특한 서술방식으로 풀어낸 소설.,역사 적 사건 아주 독특한 서술 방식 풀어 낸 소설 .,5,2015-05-02,2015-05
너무 슬퍼요 읽으면서도 계속 울컥울컥합니다,슬퍼요 읽으면서도 울컥울컥,5,2016-02-02,2016-02
먹먹했다. 다큐나 회고록처럼 그 상황을 자세하게 묘사한것은 아니였지만 그 이상으로 당시의 그 비극적이고 처참한 상황을 느낄수 있었다.,먹 먹 . 다큐 나 회고록 상황 자세하게 묘사 아니였지만 이상 당시 비극 적 이고 처참한 상황 느낄수 있었다 .,4,2018-12-28,2018-12
잊고 지냈던 것들에 대해 생각을 해볼수있게 하는 책이다.,잊고 지냈던 대해 생각 해볼수있게 책 .,3,2015-05-14,2015-05
"드디어 책을 받아보네요. 많이 늦었지만, 기대합니다!","드디어 책 받아 보네요 . 늦었지만 , 기대합니다 !",5,2024-10-28,2024-10
마치 현장에서 함께 숨쉬면서 경험하는것처럼 묘사되어있어서 책을 읽는다는것이 아니라 영화를 보고있는거같았고 가슴저며오는 슬픔을 느끼게된다,마치 현장 함께 숨쉬면서 경험 하는것처럼 묘사 되어있어서 책 읽는다는것이 아니라 영화 보고있는거 같았고 가슴 며 오는 슬픔 느끼게 된다,5,2025-05-19,2025-05
이 나라는 국민이 주인인 나라입니다. 독재자들의 욕심에 죄없는 우리 국민들은 상처를 입습니다. 하지만 결국 이 나라를 지켜내는 사람은 이 나라에 국민이었습니다. 저는 당신들이 자랑스럽습니다. 그리고 감사합니다.,나라 국민 주인 인 나라 . 독재자 욕심 죄 없는 국민 상처 입습니다 . 결국 나라 지켜내는 사람 나라 국민 이었습니다 . 당신 자랑스럽습니다 . 감사합니다 .,5,2025-05-25,2025-05
여전히 우리 기억에 남아 있는 비극을 왜곡하려는 시도를 단호히 차단하기 위해서라도 읽어야 할 책.,여전히 기억 남아 있는 비극 왜곡 하려는 시도 단호 히 차단 위 해서라도 읽어야 할 책 .,5,2025-05-31,2025-05
대단한 작가임엔 틀림없지만...,대단한 작가 임 엔 틀림없지만,5,2025-01-29,2025-01
5.18에 대한 직접적인 사진을 보거나 증언을 듣는것 보다 더 아프게 와 닿은 책이다.청소년들도 많이 봤으면 좋겠다.,5.18 대한 직접 적 인 사진 보거나 증언 듣는것 아프게 닿은 책 . 청소년 봤으면 좋겠다 .,5,2014-12-10,2014-12
당시의 사건 그 자체보다는 남겨진 사람들을 어루만지는 책,당시 사건 자체 보다는 남겨진 사람 어루만지는 책,5,2015-05-04,2015-05
너무 글을 잘 풀어내셨어요.더 몰입해서 읽을 수 있었습니다.,글 풀어내셨어요 . 몰입 읽을 있었습니다 .,5,2017-08-29,2017-08
노벨상 수상을 진심으로 축하합니다,노벨상 수상 진심 축하,5,2024-10-13,2024-10
우리 모두기 꼭 알아야 할 이야기,모 두기 꼭 알아야 할 이야기,5,2025-05-20,2025-05
노벨상 수상 축하합니다!! 책이 드디어 왔습니다. 아직 읽기 전인데 기대 만발이네요 ㅠㅠㅠ,노벨상 수상 축하 !! 책 드디어 왔습니다 . 아직 읽기 전 인데 기대 만발 이네 요 ㅠㅠㅠ,5,2024-10-23,2024-10
가슴아파 두번은 못볼책. .하지만 꼭읽어보라고 권유하는책중하나,가슴 아파 두 번은 못 볼 책 . . 꼭 읽어 보라 고 권유 책 중 하나,5,2019-09-05,2019-09
"우리가 몰랐던 그날, 그곳에 존재했던 사람들","몰랐던 그날 , 곳 존재 했던 사람",5,2025-05-31,2025-05
외국에서도 번역되서 널리읽히길 바랍니다,외국 에서도 번역 되서 널리 읽히길 바랍니다,5,2025-06-01,2025-06
기대됩니다 어떤의미로 나에게 다가올지,기대 됩니다 어떤 의미 나 다가올지,5,2016-03-25,2016-03
"가만히, 소년이 온다","가만히 , 소년 온다",5,2014-12-19,2014-12
가슴이 아리고 아프네요......,가슴 아리 고 아프네요 ......,5,2016-05-20,2016-05
꼭 읽어 보고 싶습니다~,꼭 읽어 보고 싶습니다 ~,5,2024-11-12,2024-11
노벨문학상 수상  축하드리며이번 가을에 꼭  읽고 싶은 책 입니다,노벨문학상 수상 축하 드리며 이번 가을 꼭 읽고 싶은 책,5,2024-10-19,2024-10
첫 문장이 인상깊어 구입했는데 마지막 문장까지 좋았다.,첫 문장 인상 깊어 구입 했는데 마지막 문장 좋았다 .,5,2014-12-07,2014-12
5.18 광주민중항쟁이라는 현대사의 굴곡진 시대적 아픔을  다양한 인물들의 삶을 통해 잘 보여줌,5.18 광주 민중 항쟁 이라는 현대 사의 굴곡 진 시대 적 아픔 다양한 인물 삶 통해 보여줌,5,2014-12-02,2014-12
"잃어버린 기억에 대한 회복, 왜곡된 역사에 대한 성찰","잃어버린 기억 대한 회복 , 왜곡 된 역사 대한 성찰",5,2014-12-03,2014-12
"마지막 페이지까지 다 넘긴 그 때, 책의 제목이 더 크게 와닿았다.","마지막 페이지 넘긴 때 , 책 제목 크게 닿았다 .",5,2017-01-23,2017-01
역사를 잊은 민족에게 미래는 없다는 말이 맞습니다. 잊어서는 안되고 있어서는 안되는 역사입니다. 고등학교. 대학생 자식들이 읽고 눈물 흘리네요,역사 잊은 민족 미래 없다는 말 맞습니다 . 잊어서는 안되고 있어서는 안되는 역사 . 고등학교 . 대학생 자식 읽고 눈물 흘리네요,5,2025-05-23,2025-05
처음으로 광주 여행 갔다가 봤던 것들이 있어서 더 마음에 와닿고 아프네요 써주셔서 감사,처음 광주 여행 갔다가 봤던 있어서 마음 닿고 아프네요 써주셔서 감사,5,2024-10-24,2024-10
노벨상 진심으로 축하드립니다~,노벨상 진심 축하 드립니다 ~,5,2024-10-23,2024-10
한동안 헤어나올 수 없었다,한동안 헤어 나올 없었다,5,2014-12-17,2014-12
지금 이 때에 더 읽어야하고 읽고 싶은 책 구매 접속합니다~,지금 때 읽어야하고 읽고 싶은 책 구매 접속 ~,5,2025-05-17,2025-05
사실 잘 와닿지 않던 역사인 5.18이 책의 문장 하나하나를 통해 그 당시 참혹함과 민주주의 소중함을 일깨워주었습니다.,닿지 않던 역사 인 5.18 책 문장 하나 하나 통해 당시 참혹함과 민주주의 소중함을 일 깨워주었습니다 .,5,2025-06-01,2025-06
조금 난해하지만 필체가 차원이 다릅니다,조금 난해하지만 필체 차원 다릅니다,4,2024-10-21,2024-10
너무 좋은책 아이와 함께 읽겠습니다.,좋은 책 아이 함께 읽겠습니다 .,5,2024-10-27,2024-10
일반판말고 이거 10주년판으로 구매하고싶은데 재입고 예정은 없나요?,일 반 판 말고 10 주년 판 구매 하고싶은데 재 입고 예정 없나요 ?,5,2024-11-02,2024-11
작가님! 감동이 벅차오릅니다~,작가 님 ! 감동 벅차오릅니다 ~,5,2024-10-14,2024-10
뭔가를 믿는다는 것에 목숨을 내던지는 게 옳은 일인지 묻고 싶지는 않습니다. 다만 중학생을 저 자리에서 집에 돌려보내지 않고 데리고 있어야 했냐고는 묻고 싶습니다. 애들은 집에 버내야죠.,뭔가 믿는다는 목숨 내던지는 게 옳은 일인 지 묻고 싶지는 않습니다 . 다만 중학생 자리 집 돌려 보내지 않고 데리 고 있어야 했냐고 묻고 싶습니다 . 애 집 버내야 죠 .,4,2024-10-15,2024-10
이걸 이북으로 몇년전 분명히 읽었는데 여기서 구입한게 아니었나..목록에 왜 없지!! ㅠㅠ,걸 이북 몇 년전 분명히 읽었는데 여기 서 구입 게 아니었나 목록 왜 없지 !!,5,2024-10-13,2024-10
광주 사람입니다. 전.. 광주사람인데... 5.18애기 나오면 시큰둥했습니다. 그런데 이거. .읽고 진짜 제 자신을 반성합니다. 또 반성하며 슬퍼합니다.이젠 기억하고 되새길려고 합니다. 가슴이 먹먹하네요,광주 사람 . 전 광주 사람 인데 5.18 애기 나오면 시큰둥했습니다 . 그런데 . . 읽고 진짜 자신 반성 . 반성 슬퍼 . 젠 기억 되새길려고 . 가슴 먹 먹하네요,5,2020-06-04,2020-06
한강이기에 쓸 수 있는 소설이라고 생각합니다. 어떤 책이다. 하고 정의내리기에 어려운 소설입니다.,한강 이기 쓸 있는 소설 이라고 생각 . 어떤 책 . 정의 내리기에 어려운 소설 .,5,2015-05-12,2015-05
"정말 글의 소재를 선택하는 것만으로도 작가의 역량을 알 수 있다는 평론가의 말이 와닿는다. 작가가 첫 문장을 쓴 그 순간 부터, 이 책은 올해의 책이 됨에 충분하다.","글 소재 선택 만으로도 작가 역량 알 있다는 평론가 말 닿는다 . 작가 첫 문장 쓴 순간 부터 , 책 올해 책 됨에 충분하다 .",5,2014-12-02,2014-12
한강의 분위기 독보적이다,한강 분위기 독보 적,4,2015-05-24,2015-05
처음엔 낯설었지만 점점 빠져들었다,처음 엔 낯설었지만 점점 빠져들었다,5,2025-05-17,2025-05
책을 사고 한동안 읽지 않았는데 5.18을 맞이하여 꼭 끝까지 읽도록 하겠습니다,책 사고 한동안 읽지 않았는데 5.18 맞이 하여 꼭 끝 읽도록 하겠습니다,5,2025-05-18,2025-05
80년 5월 광주. 잊지 않겠습니다,80년 5월 광주 . 잊지 않겠습니다,5,2025-05-18,2025-05
한 장 한 장 숨죽이며 읽고있습니다.,장 장 숨죽 읽고있습니다 .,5,2025-05-24,2025-05
오월은 우리가 기억해야할 이유가 있습니다,오월 기억 해야 할 이유,5,2025-05-25,2025-05
소설인데 시를 읽는것 같았어요.과거가 현재를 살린다..현재 정치상황에 깊이 공감하며더욱 몰입해서 읽었습니다.,소설 인데 시를 읽는것 같았어요 . 과거 현재 살린다 현재 정치 상황 깊이 공감 몰입 읽었습니다 .,5,2025-05-21,2025-05
좋은 내용인가요?,좋은 내용 인가요 ?,2,2025-05-21,2025-05
이 책 꼭 한번 읽어보세요 은은한 감동이 밀려오네요,책 꼭 한번 읽어 보세요 은은한 감동 밀려오네요,5,2025-05-28,2025-05
